user_id,post_count,gini_coefficient,shannon_entropy,top1_ratio,top2_ratio,dominant_topic,suspicious_post_freq,suspicious_narrowness,duplicate_post_ratio,suspicious_duplicates,suspicious
oooonlyone,1,0.9090909090909091,0.0,1.0,1.0,0,True,True,0.0,False,True
tinatkurtz1222,1,0.9090909090909091,0.0,1.0,1.0,2,True,True,0.0,False,True
arseni_roman,1,0.9090909090909091,0.0,1.0,1.0,8,True,True,0.0,False,True
horrorki,1,0.9090909090909091,0.0,1.0,1.0,0,True,True,0.0,False,True
handsome_henson,1,0.9090909090909091,0.0,1.0,1.0,1,True,True,0.0,False,True
ostrovofficer,1,0.9090909090909091,0.0,1.0,1.0,0,True,True,0.0,False,True
bratuha_borcuha,1,0.9090909090909091,0.0,1.0,1.0,8,True,True,0.0,False,True
med_harley,1,0.9090909090909091,0.0,1.0,1.0,8,True,True,0.0,False,True
briys_valera,1,0.9090909090909091,0.0,1.0,1.0,0,True,True,0.0,False,True
gorelkinnn,1,0.9090909090909091,0.0,1.0,1.0,9,True,True,0.0,False,True
globalfoe,1,0.9090909090909091,0.0,1.0,1.0,0,True,True,0.0,False,True
moda_barina,1,0.9090909090909091,0.0,1.0,1.0,9,True,True,0.0,False,True
fischermaria933,1,0.9090909090909091,0.0,1.0,1.0,2,True,True,0.0,False,True
mrservelat,1,0.9090909090909091,0.0,1.0,1.0,8,True,True,0.0,False,True
mwiqcen,1,0.9090909090909091,0.0,1.0,1.0,9,True,True,0.0,False,True
christinacrisss,1,0.9090909090909091,0.0,1.0,1.0,0,True,True,0.0,False,True
nana_lama,1,0.9090909090909091,0.0,1.0,1.0,8,True,True,0.0,False,True
krivelev_law,1,0.9090909090909091,0.0,1.0,1.0,8,True,True,0.0,False,True
lmarinays,1,0.9090909090909091,0.0,1.0,1.0,9,True,True,0.0,False,True
edmundc0oke,1,0.9090909090909091,0.0,1.0,1.0,3,True,True,0.0,False,True
ttlenlen,1,0.9090909090909091,0.0,1.0,1.0,8,True,True,0.0,False,True
jorda_morgan,1,0.9090909090909091,0.0,1.0,1.0,9,True,True,0.0,False,True
joseph_jenks,1,0.9090909090909091,0.0,1.0,1.0,1,True,True,0.0,False,True
jon_underwood_,1,0.9090909090909091,0.0,1.0,1.0,1,True,True,0.0,False,True
albertmorenmore,1,0.9090909090909091,0.0,1.0,1.0,1,True,True,0.0,False,True
zistti,1,0.9090909090909091,0.0,1.0,1.0,0,True,True,0.0,False,True
milimillennium,1,0.9085577075451867,0.021493862320736638,0.9981644,0.9996754,8,True,True,0.0,False,True
inspectan,1,0.9082156370957366,0.03312468622268422,0.9969869,0.9994672,8,True,True,0.0,False,True
shapka_mono,2,0.907705698178723,0.03844126921290274,0.996808,0.99824405,0,True,True,0.0,False,True
msm0re,2,0.907696876363545,0.03867889817904566,0.9967852,0.9982314,0,True,True,0.0,False,True
rus_in_usa,2,0.9059750875842564,0.09874811706132179,0.9892494,0.99799687,4,True,True,0.0,False,True
sovasof,2,0.9039451312709571,0.16700493550105502,0.9789901,0.9968451,9,True,True,0.0,False,True
coldwar20_ru,4,0.9022080367138604,0.1907565565028005,0.97625184,0.9955751,4,True,True,0.0,False,True
maxdementiev,5,0.9017163799714548,0.201819662987021,0.97455525,0.9952589,4,True,True,0.0,False,True
margosavazh,5,0.9001578474730002,0.23581988063850076,0.96917886,0.99425703,4,True,True,0.0,False,True
kadirovrussia,6,0.8990379625564636,0.25937615084669746,0.9653147,0.99353707,4,True,True,0.0,False,True
lavrovmuesli,10,0.8984886041647778,0.270690609975154,0.96341914,0.99318373,4,True,True,0.0,False,True
anzgri,2,0.8983062363801142,0.2253959261783805,0.9750525,0.9863402,0,True,True,0.0,False,True
riafanru,1,0.8976277668075825,0.28813119861650055,0.96044815,0.9926303,4,True,True,0.0,False,True
darknally,39,0.8967636295873597,0.22485009624020466,0.9761787,0.98386693,0,True,True,0.0,False,True
cascaseyp,20,0.8946285109163898,0.2724580971759024,0.96934587,0.98077077,0,True,True,0.0,False,True
bricegeller,7,0.8926581985737101,0.3101173532136452,0.9638615,0.9778663,0,True,True,0.0,False,True
sergeev_tolik,11,0.8925909900802828,0.329108064482881,0.9601843,0.9793369,0,True,True,0.0,False,True
ssus_panther,1,0.8919009528630722,0.2808975438277167,0.96951264,0.97853565,0,True,True,0.0,False,True
dannythehappies,25,0.8918786016773628,0.3079988924181485,0.96473783,0.9768288,0,True,True,0.0,False,True
whitehousecards,60,0.8918713674476973,0.3992857141544382,0.94263625,0.9851667,4,True,True,0.00024285107158035334,False,True
tezaharov,6,0.8914997409833761,0.32196865618677,0.962475,0.9766322,0,True,True,0.0,False,True
ericarutter,5,0.8906024221118994,0.3221655548241765,0.9629336,0.97538346,0,True,True,0.0,False,True
abigailssilk,8,0.88833407877073,0.34627128810404856,0.9601086,0.97385734,0,True,True,0.0,False,True
heyheyhailey,17,0.8880925431437054,0.3626067162309507,0.9570976,0.97165895,0,True,True,0.0,False,True
hellieedwards,27,0.8873815384031122,0.3694561402798756,0.9562232,0.9706416,0,True,True,0.0,False,True
gab1aldana,27,0.8871141543142336,0.37388735927068134,0.9556285,0.9709238,0,True,True,0.0008048289738430583,False,True
ilikebigbuttand,34,0.8871120468181939,0.37853011692204824,0.9547039,0.9705201,0,True,True,0.0,False,True
holycrapchrix,25,0.8870601536559277,0.3785819696912834,0.95477074,0.97071123,0,True,True,0.0004993757802746567,False,True
johnnymarch_,9,0.8868869918571124,0.3907702941666052,0.9525144,0.96924794,0,True,True,0.0,False,True
worldofhashtags,52,0.886780407985249,0.3743029123508286,0.95571727,0.97056043,0,True,True,0.0002820940783751381,False,True
jerstoner,8,0.8867461850369762,0.407678811481845,0.94915897,0.9707972,0,True,True,0.0016326530612244899,False,True
brentmcclure275,13,0.8867198141617936,0.41208371712706865,0.94825757,0.9712548,0,True,True,0.0018501387604070306,False,True
kencannone,16,0.8864912931149607,0.3744441531028497,0.9558677,0.96993303,0,True,True,0.0,False,True
novostidamask,7,0.8858224279129318,0.5004100940049,0.9197141,0.9850409,4,True,True,0.0,False,True
jarrardnorman,24,0.885503261519332,0.40169708290218564,0.95132625,0.96882033,0,True,True,0.0,False,True
aiden7757,22,0.8851819212090576,0.3967369742643141,0.95252746,0.9682443,0,True,True,0.0,False,True
sergbriantsev,6,0.8851755738511304,0.42133191219456534,0.9476302,0.9685167,0,True,True,0.0,False,True
batonrougevoice,93,0.8850193157067908,0.4175590857869252,0.9486519,0.9688216,0,True,True,0.0003026599150224085,False,True
calebpaar,23,0.884928281164524,0.40144057077842377,0.95174474,0.96769565,0,True,True,0.0,False,True
loragreeen,33,0.8847557744075032,0.4189693435240002,0.94840497,0.96739995,0,True,True,0.0,False,True
hipppo_,23,0.884673654306401,0.4097191706560186,0.9502864,0.9667876,0,True,True,0.0,False,True
kaydenmelton,9,0.8845736372391365,0.4474614943141281,0.9424771,0.9689056,0,True,True,0.0,False,True
dickyirwin,22,0.8843478971242148,0.4076334940533426,0.95091194,0.9670161,0,True,True,0.0,False,True
oaklandonline,73,0.8840992946662736,0.42736949214009234,0.9473224,0.96711564,0,True,True,0.0017467248908296944,False,True
onlinecleveland,104,0.8838423536735432,0.41603252478220415,0.9498,0.9669662,0,True,True,5.706744658843671e-05,False,True
bgarner2107,28,0.8837954541414694,0.4312277509295486,0.9466564,0.96701586,0,True,True,0.0,False,True
amandavgreen,26,0.8837349315164278,0.41804949431586047,0.9492614,0.96587455,0,True,True,0.0,False,True
claypaigeboo,10,0.8836763853265284,0.4707227067869383,0.9379997,0.9685457,0,True,True,0.0,False,True
gibbs_jeremy_,1,0.8835604694205972,0.5595732007932741,0.9004189,0.9869352,1,True,True,0.0,False,True
elpasotopnews,4,0.8834985996504077,0.4320658223872031,0.9466329,0.96437037,0,True,True,0.0,False,True
catelinewatkins,12,0.8833992274187714,0.44269886475510983,0.9445883,0.96713245,0,True,True,0.0,False,True
adrienne_gg,23,0.8833368429469683,0.4168593313762271,0.94979125,0.9660027,0,True,True,0.0,False,True
vasilichvasili,18,0.8828177691948185,0.464270476670181,0.9403865,0.9662324,0,True,True,0.0,False,True
richmondvoice,57,0.8826659737278092,0.44711400336805984,0.94421643,0.96397644,0,True,True,0.0008128979813033464,False,True
jmscoxxx,24,0.8825802995456343,0.44416557579733057,0.9448638,0.9650581,0,True,True,0.0,False,True
brightandglory,30,0.8822382214468547,0.43409801238546075,0.94712913,0.96436775,0,True,True,0.0,False,True
skatewake1994,15,0.8818473183710361,0.5116102061683642,0.9297595,0.96657157,0,True,True,0.0,False,True
donnielmiller,5,0.8814531681306137,0.44575723223540314,0.9453306,0.96405816,0,True,True,0.0,False,True
newspeakdaily,107,0.8814010273633878,0.45853300645040956,0.94296277,0.9640421,0,True,True,5.696484201157098e-05,False,True
newarkvoice,100,0.8813259094168322,0.46963087492793576,0.94033563,0.9616032,0,True,True,0.002633750636489737,False,True
bigboysneed,12,0.8812849432433901,0.48022109361577764,0.9380724,0.96133316,0,True,True,0.0017730496453900709,False,True
todaymiami,68,0.8810973075914876,0.4710370910727155,0.9405094,0.96306384,0,True,True,0.0,False,True
boriseleseev,8,0.8809524927440265,0.4900275873636377,0.9363265,0.9640115,0,True,True,0.0,False,True
jacksoncitypost,40,0.8808137018525518,0.4909594323616751,0.936326,0.9637545,0,True,True,0.0009615384615384616,False,True
charlesjharper,26,0.8807876498001693,0.459317548307983,0.9430206,0.9626466,0,True,True,0.0,False,True
dailysanfran,94,0.8807122389735518,0.4796593982780597,0.9389912,0.9631754,0,True,True,0.0005236887325096146,False,True
dailysandiego,54,0.8805685111625972,0.48025776891607413,0.9389687,0.96262556,0,True,True,0.0003676470588235294,False,True
neworleanson,69,0.8804854352318583,0.4875566266273663,0.9374193,0.9631013,0,True,True,6.915629322268326e-05,False,True
glebnikon,11,0.8803848428804177,0.49363526743078684,0.93610275,0.9626376,0,True,True,0.0,False,True
kansasdailynews,119,0.8801798339944032,0.4847065731329306,0.93834573,0.96266204,0,True,True,0.0003481718878467037,False,True
onlinememphis,24,0.8800484773463843,0.48438182689243886,0.93845433,0.96192867,0,True,True,0.004301075268817204,False,True
bruciedublin,25,0.8799324014317413,0.5377664455988107,0.92487293,0.967458,0,True,True,0.000877963125548727,False,True
houstontopnews,39,0.8798668019211303,0.49052655202945344,0.93723744,0.9616718,0,True,True,0.006144393241167435,False,True
blackeyeblog,6,0.8798463467064171,0.5058967705240508,0.93368226,0.96295464,0,True,True,0.0,False,True
philadelphiaon,64,0.8792251702697742,0.49495944785110507,0.9365442,0.95855,0,True,True,0.0,False,True
danageezus,54,0.8790203477483435,0.46699369295960547,0.9425986,0.9614998,0,True,True,9.823986901350798e-05,False,True
interfischer,5,0.878892846556106,0.5200378720085944,0.9313027,0.96090883,0,True,True,0.0,False,True
detroitdailynew,65,0.878824616908727,0.49734630907110455,0.936532,0.9587384,0,True,True,0.0006799945600435197,False,True
devinedevinbr,7,0.8787748175659292,0.5399562576965842,0.9264535,0.96241635,0,True,True,0.0,False,True
march_for_trump,40,0.8785838706066433,0.5334344605975528,0.9284154,0.95837533,0,True,True,0.0022878059940517046,False,True
lapinolegg,9,0.8785713916676922,0.513832608978476,0.9331387,0.96025234,0,True,True,0.030303030303030304,False,True
chrixmorgan,60,0.878495932332986,0.4863259187777921,0.93889475,0.95941156,0,True,True,0.00027470910268233815,False,True
boryabuchin,8,0.8783285626902194,0.49428415797249226,0.93746394,0.95817995,0,True,True,0.0,False,True
todaybostonma,81,0.8782267773125934,0.5027652674214781,0.9359745,0.9595042,0,True,True,0.0008736942070275403,False,True
jeanuttella,13,0.8781925142103031,0.5061000970130334,0.9350182,0.9575133,0,True,True,0.0,False,True
chernenkonikola,14,0.878142440288762,0.5543932553319372,0.9233284,0.96350586,0,True,True,0.0,False,True
edmundrjr,3,0.8781332942570192,0.5179650511090703,0.93264556,0.95992357,0,True,True,0.0,False,True
curtisbigman,28,0.8780479705774781,0.49615649009677293,0.93696296,0.9550505,0,True,True,0.00035267148651031563,False,True
specialaffair,103,0.8777787974211366,0.5242225968650509,0.93156016,0.9590531,0,True,True,0.00030444006811846525,False,True
ilovesarahrich,47,0.8776431763618353,0.5229430029469689,0.9317693,0.95753115,0,True,True,0.0,False,True
robertebonyking,11,0.8774407958681054,0.5303032154689564,0.93056405,0.9581385,0,True,True,0.0,False,True
brianthelifter,10,0.8771405498052165,0.5392177641937792,0.9284273,0.95749635,0,True,True,0.0006491398896462187,False,True
dominicvalent,38,0.8767981571589328,0.49806708836087055,0.9380115,0.955468,0,True,True,0.0002115730455939913,False,True
jassscott,41,0.8764570887162424,0.5482317188908008,0.9269767,0.9560159,0,True,True,0.0,False,True
phoenixdailynew,95,0.8764481972387783,0.5403477762012733,0.92865086,0.9536795,0,True,True,0.000511405692752843,False,True
bigseanbeast,11,0.8764178591612751,0.5373928992811366,0.929498,0.95533377,0,True,True,0.0,False,True
washingtonline,105,0.8764138123131519,0.5616873405246678,0.92376375,0.96020234,0,True,True,1.7543397980754893e-05,False,True
politopros,1,0.8763101704185279,0.6461831048241692,0.8868953,0.9789254,4,True,True,0.0,False,True
razvedchica_,15,0.8762702945811047,0.6086122908646326,0.90964174,0.9653332,0,True,True,0.0,False,True
peytoncashout,34,0.8760564756924931,0.5457638108465822,0.92789197,0.9550737,0,True,True,0.0,False,True
watchmewalkin,59,0.8760495941990484,0.5599707386907435,0.9245595,0.9565915,0,True,True,0.0,False,True
samirgooden,38,0.8760127716800704,0.545708948380957,0.9279168,0.95427847,0,True,True,0.0,False,True
finnaglo,11,0.8760084326866685,0.5502313611723826,0.9270344,0.9558993,0,True,True,0.0023228803716608595,False,True
georevieweurope,1,0.8756877323931831,0.5452440792756748,0.9286316,0.95683676,0,True,True,0.0,False,True
stanleyparris,53,0.8756447745096899,0.5554373190096625,0.9259979,0.9541699,0,True,True,0.0,False,True
atlanta_online,63,0.875455261792868,0.5971156376154183,0.9151042,0.96152115,0,True,True,0.0,False,True
sanantotopnews,48,0.8753198785422504,0.5452517754993009,0.92867357,0.95382994,0,True,True,0.0,False,True
reachitdoit,1,0.8753194823990262,0.5309977244088031,0.9318075,0.9553224,0,True,True,0.0,False,True
danny_turner_1,1,0.8751949797149347,0.6828550944546341,0.8685616,0.9828188,1,True,True,0.0,False,True
giselleevns,94,0.87513525102883,0.5189693867944465,0.93457556,0.9587988,0,True,True,1.0144014574920142e-05,False,True
cannonsher,47,0.8749760306399608,0.5599272270800753,0.9255646,0.9531246,0,True,True,0.0,False,True
chesplayschess,13,0.8746613237745773,0.5824663703932379,0.92037815,0.95614827,0,True,True,0.00025391988827524917,False,True
jaydaastonishin,51,0.8743459035528435,0.5762267968242725,0.9222271,0.9522171,0,True,True,0.00012840267077555214,False,True
valeyina_dm,12,0.8741457886602866,0.6115341471158036,0.913195,0.9582841,0,True,True,0.014705882352941176,False,True
nojonathonno,56,0.8739121668352965,0.5832698733380689,0.9210369,0.9532538,0,True,True,0.00030637254901960784,False,True
onemightyfish,54,0.8738840184015755,0.5868424259487793,0.92010486,0.9524426,0,True,True,0.0,False,True
chicagodailynew,105,0.8738533032833671,0.5776333569343539,0.92237747,0.9510801,0,True,True,8.297894409293641e-05,False,True
dallastopnews,24,0.8737045549441871,0.5951167692557653,0.91837007,0.95256174,0,True,True,0.0,False,True
bydrbre_,1,0.87354983887259,0.6853705557018163,0.87737375,0.9771505,4,True,True,0.0,False,True
damanimiles,13,0.8735404078021282,0.5946845338584844,0.91859674,0.9533488,0,True,True,0.0,False,True
bogdankravcov,13,0.8734806060345198,0.6163748138026509,0.91274637,0.95696205,0,True,True,0.0,False,True
politweecs,101,0.8734497589499337,0.5949964673914868,0.9186483,0.9533088,0,True,True,6.444960041247745e-05,False,True
liljordamn,42,0.8734101451615163,0.5724194019038089,0.9239956,0.9503846,0,True,True,0.0,False,True
imaswerve,9,0.8731915515196318,0.5716249280481481,0.9237679,0.9469062,0,True,True,0.0,False,True
nehemiahx,11,0.8730747798174452,0.5869344796626537,0.9208541,0.9505082,0,True,True,0.0,False,True
rogovilia,4,0.8730741507032396,0.6921098248628635,0.8846537,0.9676509,0,True,True,0.0,False,True
leecory,1,0.8730208643749007,0.6013802484132007,0.9175668,0.9535487,0,True,True,0.0,False,True
kathiemrr,122,0.872965899680419,0.5376566346762348,0.93231505,0.9517103,0,True,True,1.656824953854836e-05,False,True
jery_robertsyo,53,0.8729612003035514,0.5942025094837786,0.918688,0.9480186,0,True,True,0.0,False,True
stlouisonline,76,0.8729530308590482,0.5848982910677634,0.9212625,0.9480981,0,True,True,0.0024675324675324677,False,True
patriot_archive,2,0.8729139376868358,0.5874364540248594,0.92103803,0.95073175,0,True,True,0.0,False,True
luke_jones13,45,0.8728765695892472,0.6259100909101004,0.90975803,0.94693327,0,True,True,0.0,False,True
blmsoldier,39,0.8726942307918084,0.6019707508449381,0.91754705,0.95039403,0,True,True,0.0,False,True
randolphburrr,48,0.8726746782764989,0.5844361306892323,0.9217758,0.94953525,0,True,True,0.0,False,True
bigboyjasiah,40,0.8726409321219077,0.5970185104133435,0.91893786,0.95099974,0,True,True,0.0009045680687471732,False,True
meggieoneil,6,0.8726091882120252,0.5603977286171731,0.92729664,0.9512321,0,True,True,0.0,False,True
claudia42kern,23,0.8724786783256584,0.6932280130631108,0.888612,0.9624028,0,True,True,0.0,False,True
fishalexanderr,12,0.8724747892753616,0.7137803268021808,0.865514,0.9783368,2,True,True,0.00597460791635549,False,True
mr_clampin,113,0.8724706240741966,0.5347490529850855,0.93343246,0.95507014,0,True,True,9.88000731120541e-06,False,True
ravenicholson,54,0.8723950481107481,0.5966231222990099,0.9191866,0.9503965,0,True,True,0.0,False,True
cornellburchet,27,0.8723628231536353,0.6060567576597995,0.9171223,0.95022553,0,True,True,0.0,False,True
karenparker93,12,0.8723403491209474,0.6055372840628683,0.9169377,0.9526008,0,True,True,7.594648304494766e-05,False,True
todaycincinnati,72,0.8722832591841954,0.6279589632254917,0.9111369,0.9511861,0,True,True,0.00014257199885942402,False,True
camosaseko,53,0.8722336191586164,0.6151849948283193,0.9142391,0.9484504,0,True,True,0.0001997802417340925,False,True
williams8kalvin,3,0.8721750808548632,0.6086999160252472,0.9165199,0.951977,0,True,True,0.0,False,True
_sashalapin,10,0.8720953975376107,0.63485989607835,0.9096921,0.9527537,0,True,True,0.0,False,True
maymaymyy,11,0.8718244801846414,0.5949554065335934,0.92002285,0.94789195,0,True,True,0.0,False,True
antonhayhay,38,0.8717497940166601,0.598299867153597,0.91938525,0.94926864,0,True,True,0.0011204481792717086,False,True
missourinewsus,28,0.8717368405201494,0.6143065504433748,0.91554034,0.95254034,0,True,True,0.00032175032175032174,False,True
redlanews,51,0.8717265575563604,0.6319098346724376,0.9108262,0.9524762,0,True,True,0.0,False,True
lukas_rosler,6,0.8717142601732717,0.7247840777740223,0.86246264,0.9779095,2,True,True,0.09523809523809523,False,True
staywoke88,49,0.8715503464984258,0.6264720442217946,0.912571,0.95095956,0,True,True,0.00026885334050275576,False,True
finley1589,67,0.8715098293924013,0.6247458543550846,0.9129747,0.9516393,0,True,True,5.737707857432304e-05,False,True
drmichaelgarcia,53,0.871487221519102,0.6178548964959762,0.9141155,0.94585717,0,True,True,0.00013326448001865703,False,True
beckster319,41,0.8714758084801016,0.5957209873039091,0.92025024,0.94910836,0,True,True,0.0,False,True
travisrespek,42,0.8713588227573615,0.6234849635502839,0.91360265,0.94948006,0,True,True,0.0,False,True
hunteroddddom,34,0.8712025047394406,0.6056266290499915,0.9178937,0.94669265,0,True,True,0.0,False,True
sonderkatharina,1,0.8709692717797433,0.7353812187635614,0.859521,0.9774785,2,True,True,0.0,False,True
rosieonfleek,30,0.8709430897491862,0.6292214018741502,0.912518,0.95027363,0,True,True,0.001568627450980392,False,True
notritahart,122,0.8708794262119806,0.5587974300508947,0.9292625,0.9491087,0,True,True,1.2110447279186178e-05,False,True
peeonhillary,1,0.8707788845439994,0.6184655208978647,0.91530854,0.94723797,0,True,True,0.0,False,True
alexsvladimirov,8,0.8707741034282233,0.6654446457728512,0.90243846,0.95392346,0,True,True,0.0,False,True
imissobama,58,0.8707246645574007,0.6177810729430934,0.9153077,0.94602925,0,True,True,0.0004489001945234176,False,True
jani_s_jac,58,0.8706734390656409,0.6263658019392241,0.91338736,0.9468896,0,True,True,0.00031720856463124506,False,True
imapharrelfake,49,0.8706358506318591,0.6876535394006946,0.89564437,0.9534632,0,True,True,0.0,False,True
instotus,3,0.870570432829684,0.6349531536707804,0.9113969,0.9506683,0,True,True,0.0,False,True
robbydelaware,23,0.8705322176777552,0.6703656283576515,0.9009908,0.9549861,0,True,True,0.0,False,True
romanagafonovv,10,0.8704356301213624,0.6159114925412266,0.9164184,0.94882154,0,True,True,0.0,False,True
policestateme,2,0.8702518679176935,0.6433538612304879,0.90967274,0.94813716,0,True,True,0.0,False,True
youjustctrlc,36,0.8702497789745136,0.6177633157343918,0.91599053,0.94627476,0,True,True,0.0,False,True
lgbtuni,2,0.8702257452616813,0.6232401892424434,0.914871,0.9503917,0,True,True,0.0,False,True
4ever1937,4,0.8702137987934281,0.6479216774417413,0.9084463,0.95186055,0,True,True,0.0,False,True
tebepizdec,1,0.8701695489850595,0.644539982577826,0.9095,0.95005685,0,True,True,0.0,False,True
mrmoraan,38,0.8698817607462696,0.6283322515691895,0.91409487,0.945424,0,True,True,0.0,False,True
paolakinck,25,0.8698654787186253,0.635136659159251,0.91216,0.9497081,0,True,True,0.00011665168493066087,False,True
gallowayeliana,12,0.8698215026326658,0.61736478893668,0.9164281,0.9446135,0,True,True,0.008658008658008658,False,True
ryanncooperwood,1,0.8697634872977874,0.6628849419887346,0.9047438,0.95107484,0,True,True,0.0,False,True
maksblaginin,5,0.869699484822602,0.6492214793212998,0.90867114,0.94941676,0,True,True,0.0,False,True
ogdeandre,52,0.8696977162215882,0.6481260788222918,0.90844685,0.9439349,0,True,True,0.0,False,True
zzzacharyzzz,31,0.8696077157846631,0.726594109183028,0.8826582,0.95803803,0,True,True,0.0,False,True
queenofthewo,112,0.8695335636442987,0.5778052535938913,0.9260975,0.9472721,0,True,True,1.1747277249277989e-05,False,True
cookiiieeessss,12,0.8693661707952173,0.6241501064524958,0.91520983,0.9441194,0,True,True,0.0,False,True
realten_gop,61,0.8691887851935214,0.6618450488902926,0.9058404,0.94784695,0,True,True,0.001281982800064099,False,True
eliasbrick,39,0.8691408418363613,0.6308965558892167,0.9138544,0.9451912,0,True,True,0.0,False,True
pati_cooper,10,0.8690764201821335,0.6628462888879532,0.90560985,0.9489666,0,True,True,0.0,False,True
melvinsroberts,92,0.8690739922359674,0.5875494036308136,0.92419064,0.9451498,0,True,True,1.0798481733468275e-05,False,True
realrobert1987,9,0.8690205126386165,0.6534549612592759,0.9082369,0.94841903,0,True,True,0.0,False,True
traceyhappymom,88,0.8688914053130242,0.5925488962957327,0.923273,0.9450743,0,True,True,8.627190672078453e-06,False,True
janelperkinson,10,0.8688680102845829,0.6519818868589733,0.9088101,0.9439888,0,True,True,0.0,False,True
jeblary2016,54,0.8688614532616883,0.6546099537468079,0.9076891,0.9442488,0,True,True,0.00028011204481792715,False,True
darrell_h_hunt,1,0.8688094332055052,0.6677576404443051,0.9045162,0.94881797,0,True,True,0.0,False,True
gwennythot,39,0.8687884120337513,0.6511087309405428,0.9089571,0.94381315,0,True,True,0.003526300323244196,False,True
cassieweltch,163,0.8687302521406998,0.5891583873209606,0.9243481,0.9476507,0,True,True,7.936770395846424e-06,False,True
internalmemer,35,0.8686234824928171,0.6391566676318438,0.91212183,0.9431366,0,True,True,0.0,False,True
stanley_cox_,15,0.8685891968165214,0.7281409211448882,0.885016,0.949508,0,True,True,0.014634146341463415,False,True
todaynycity,45,0.8685612348521194,0.673194699968682,0.9038879,0.9476729,0,True,True,0.0,False,True
donnabrivera,65,0.8683891764640141,0.6731523922365698,0.9024717,0.94151545,0,True,True,0.00020752628666297732,False,True
acejinev,40,0.8683709310906922,0.6490531942974305,0.9096886,0.9418496,0,True,True,0.0010576414595452142,False,True
screamymonkey,105,0.868358517632605,0.6533972180842488,0.9085716,0.9417103,0,True,True,0.0008375637110200913,False,True
prettylaraplace,74,0.8680887778531751,0.6668272143031373,0.9057117,0.9469827,0,True,True,0.0004717948717948718,False,True
srahse,1,0.868075612079313,0.6827274403320311,0.9014155,0.946135,0,True,True,0.0,False,True
siccerthanyou,31,0.8678256326900691,0.6477767820583894,0.910788,0.9426892,0,True,True,0.0013468013468013469,False,True
alecmooooody,55,0.8678080531492907,0.6623035116418302,0.9072116,0.94434315,0,True,True,0.0002025239547865271,False,True
chaneutral,2,0.8676726995718608,0.6333383655661667,0.9149649,0.94524384,0,True,True,0.0,False,True
mrclydepratt,123,0.8676373543549978,0.6269802529550942,0.9162922,0.9478132,0,True,True,9.439722673778535e-05,False,True
sindyblossom,1,0.8676222159792107,0.7058292678831543,0.8948535,0.95108575,0,True,True,0.0,False,True
cliftonhughes_,12,0.8673344522130876,0.6489621294837986,0.9109272,0.9414003,0,True,True,0.0,False,True
zubovnik,1,0.8671577794919652,0.6890697735348871,0.9006106,0.9500255,0,True,True,0.0,False,True
muslims_in_usa,9,0.8671403114699388,0.8019482216672422,0.84621567,0.9694153,0,True,True,0.0,False,True
toneporter,21,0.8670455763751949,0.7665640811221007,0.8719345,0.95736927,0,True,True,0.0,False,True
lagonehoe,36,0.8669848820023227,0.6685653999597451,0.90645176,0.9416951,0,True,True,0.0,False,True
ramonasnails,50,0.8669841465086391,0.6870000483230786,0.90157753,0.94348073,0,True,True,0.0,False,True
tpartynews,298,0.8669433318630171,0.6875620446304356,0.90107244,0.94703007,0,True,True,0.000763901388384672,False,True
patriototus,64,0.8668814197209045,0.7010361114036078,0.8974923,0.9440507,0,True,True,0.00014781966001478197,False,True
t0nyasinclair,1,0.8668145292866042,0.5994533977885965,0.92306924,0.95071757,0,True,True,0.0,False,True
pamblmdaniels,53,0.8668060191834803,0.6762071050855322,0.90465724,0.94283533,0,True,True,0.00027096599376778217,False,True
taraformation,8,0.86676069232659,0.6569786707971413,0.90965515,0.9417915,0,True,True,0.0,False,True
chadsloyer,53,0.8667032960192976,0.721305599673334,0.8899624,0.9386657,0,True,True,0.0,False,True
kenzdonovan,58,0.8666682651978194,0.6900690787277254,0.9001184,0.9401462,0,True,True,0.0009860362102835992,False,True
erofeenkoanton,10,0.8666351694705298,0.6939524469842077,0.90005505,0.94547457,0,True,True,0.0,False,True
yattvrussia,1,0.8662244815886954,0.7001975239980007,0.8986446,0.94882876,0,True,True,0.0,False,True
usa_gunslinger,71,0.8661162425454548,0.7142424441850492,0.8943991,0.9436319,0,True,True,0.0003746633883620185,False,True
datwisenigga,173,0.8660145214812335,0.6354741751115693,0.9157527,0.94600546,0,True,True,0.00010359876199479416,False,True
gvardeykalena,10,0.8660011873814039,0.6626100707169931,0.9091064,0.94354826,0,True,True,0.0,False,True
brianaregland,105,0.8652394535623517,0.6703685520627162,0.9074898,0.94039977,0,True,True,1.6123376073716074e-05,False,True
javonhidp,60,0.8651109204811682,0.6940983742634648,0.9012713,0.9377272,0,True,True,0.0004370947767174182,False,True
kristyanann,1,0.8650669756252258,0.6217632452324963,0.91941,0.94851726,0,True,True,0.0,False,True
margarethkurz,91,0.8650469838240883,0.8116952524135664,0.83834165,0.97394216,2,True,True,0.00032628846866889134,False,True
arkadii_trofim,5,0.8647482519142867,0.7552980136120307,0.8829863,0.94990724,0,True,True,0.0,False,True
worldnewspoli,21,0.864479909395616,0.7005722741942307,0.9006512,0.9427598,0,True,True,0.0,False,True
inst_vets,4,0.8644001537299568,0.7272558984235481,0.893127,0.94537187,0,True,True,0.0,False,True
ttsvetkov,4,0.8643657952217451,0.7064706341838843,0.89962155,0.9456905,0,True,True,0.0,False,True
austinlovesbeer,7,0.8642370480033572,0.7262701798601279,0.89317393,0.94539535,0,True,True,0.00012142553579017667,False,True
southlonestar,90,0.864186177622893,0.7694179612305182,0.87969196,0.9455885,0,True,True,7.19282156407905e-05,False,True
romangorolov,7,0.8641485985482001,0.8214467547088131,0.8535752,0.958671,0,True,True,0.0,False,True
fightm_d_b,10,0.8641111239526788,0.8695073924837504,0.82083225,0.966054,0,True,True,0.0,False,True
thefoundingson,244,0.863895028554314,0.7828978754138197,0.87444013,0.9491201,0,True,True,4.096244182967524e-05,False,True
rightnpr,74,0.86383079952755,0.7763915997490288,0.87775725,0.9457743,0,True,True,0.00011522064754003918,False,True
notballinyet,7,0.863710532211845,0.717273810389157,0.8970719,0.93983144,0,True,True,0.0,False,True
daileyjadon,88,0.8635998511969821,0.6391132850081636,0.91659737,0.9376516,0,True,True,1.3857686885564821e-05,False,True
pamela_moore13,135,0.8634752127852059,0.7512069763046317,0.88691896,0.942822,0,True,True,0.0003175256925453941,False,True
puredavie,122,0.8634565625745719,0.6784083110339253,0.90768677,0.9369225,0,True,True,1.769328387348692e-05,False,True
lynsrodriguez,7,0.8634526853351291,0.6833115794056867,0.9060545,0.9397165,0,True,True,0.0,False,True
patriotka_rusi,5,0.8632490051121066,0.6863526626295683,0.9055603,0.93668103,0,True,True,0.0,False,True
stepansazono,5,0.8632028874849929,0.767802958147591,0.88146955,0.9480686,0,True,True,0.0,False,True
arturburanof,5,0.8631648301504498,0.8462087307887148,0.8372837,0.96543217,0,True,True,0.0,False,True
corynaenae,10,0.8631524371057367,0.7081619115724692,0.9004428,0.93874276,0,True,True,0.0,False,True
ponomarevslav,16,0.8630406457292474,0.8230817077792404,0.8567339,0.95640427,0,True,True,0.0,False,True
archieolivers,9,0.8622679987383517,0.7452426179727095,0.8900323,0.936996,0,True,True,0.0,False,True
aldrich420,13,0.8617055916521659,0.7896802692245709,0.8785072,0.94012403,0,True,True,0.0,False,True
paulinett,246,0.861571615847954,0.7363499110445463,0.89372313,0.93356615,0,True,True,1.2944352459923938e-05,False,True
johnieboycooks,10,0.8614813877739547,0.7302903603153715,0.89591795,0.93379253,0,True,True,0.0,False,True
cynthiamhunter,68,0.8614397253827101,0.7961091526964735,0.874922,0.93705815,0,True,True,0.0005532930587455688,False,True
kelvin_chambers,9,0.8613914968332819,0.8972967791667902,0.80911595,0.96644604,0,True,True,0.0,False,True
hyddrox,148,0.8611997503243226,0.7319235075679648,0.8957904,0.93977433,0,True,True,4.7965491440890484e-05,False,True
happkendrahappy,63,0.8611519966215272,0.7344093448035357,0.89554,0.9336076,0,True,True,0.00010401389625653987,False,True
heyitsglor,1,0.8611173838597147,0.7778331583285609,0.8829669,0.93702716,0,True,True,0.0,False,True
adamchapmanjr,9,0.8610429407510558,0.7601452586352736,0.8879723,0.93789715,0,True,True,0.0,False,True
sovetnikstatski,15,0.8609721667359854,0.6921449523193023,0.90652025,0.93494815,0,True,True,0.0,False,True
jasper_fly,93,0.8609287535649592,0.6654385403887456,0.9125361,0.93473655,0,True,True,8.981934687597744e-06,False,True
kateritterrrr,68,0.8608338796797738,0.811728273082532,0.8704252,0.9372846,0,True,True,2.92426929820911e-05,False,True
queennarielle,12,0.8607713483289497,0.8948953854127928,0.8237104,0.95922136,0,True,True,0.0,False,True
dannymaslov,1,0.8605977948849607,0.7528788196536691,0.8906735,0.9340085,0,True,True,0.0,False,True
kimberleighlamb,1,0.8603500869936516,0.7169867713448671,0.90050757,0.93267375,0,True,True,0.0,False,True
nataturn,12,0.8602398558990516,0.756370669405462,0.8897951,0.93413895,0,True,True,8.97847410832529e-05,False,True
johnievogue,10,0.8602075331034915,0.7358102294861387,0.89566606,0.932933,0,True,True,0.0,False,True
wildharee,1,0.860049527419961,0.6883021289727609,0.90802175,0.94159913,0,True,True,0.0,False,True
ameliebaldwin,109,0.8600399562802254,0.741104457418974,0.89450246,0.9380896,0,True,True,1.7588804457658902e-05,False,True
cassishere,38,0.8600138103499841,0.7412739463213993,0.89508814,0.9337757,0,True,True,0.00014640160271228231,False,True
willisbonnerr,134,0.8599840014645472,0.7137850563250796,0.9017404,0.93914855,0,True,True,8.362577465840364e-05,False,True
regieblackmon,49,0.8597715818092972,0.7660475312302343,0.88671994,0.9272098,0,True,True,0.0,False,True
williams_diana_,1,0.8597586051205134,0.8141618275922409,0.8725394,0.9378716,0,True,True,0.0,False,True
angelabach991,22,0.8595761500872422,0.87918072866418,0.81809926,0.9706998,2,True,True,0.0020224305938591654,False,True
todaypittsburgh,66,0.8593871418013255,0.8164759401509254,0.8726776,0.93514425,0,True,True,0.0,False,True
patriotblake,191,0.8593850980721863,0.7551192376464588,0.8914211,0.93652576,0,True,True,9.628947217754738e-06,False,True
iiddaamarks,48,0.8589758157381004,0.7747527770689571,0.8854465,0.9285988,0,True,True,0.00040404040404040404,False,True
milwaukeevoice,1,0.8583993694345717,0.781764165779332,0.8847957,0.92918175,0,True,True,0.0,False,True
carriethornthon,71,0.8579491492322165,0.8358223545378081,0.8655794,0.92536795,0,True,True,3.5985461873403146e-05,False,True
lysikvinkova,3,0.8576269508556867,0.8248286215553794,0.8722057,0.93858504,0,True,True,0.0,False,True
baltimore0nline,105,0.8576019631834073,0.8429577427394552,0.86624813,0.940887,0,True,True,0.0019979280745893147,False,True
ten_gop,215,0.8575185688384327,0.8453573306756186,0.86467534,0.93642545,0,True,True,0.000683749131233944,False,True
tessyelmore,10,0.857425077622112,0.9332765816231949,0.80943125,0.96039635,0,True,True,0.0,False,True
roscoe_riddle,1,0.8573613799936302,0.7644448249068438,0.89080167,0.93212414,0,True,True,0.0,False,True
taisiaavdeeva,19,0.8573414479216837,0.8073569900455521,0.8795688,0.92933977,0,True,True,0.0,False,True
jacquelinisbest,178,0.8571879868220553,0.798257817945028,0.8800316,0.927223,0,True,True,5.4156209333889816e-05,False,True
iris0_o,1,0.8571689757174656,0.8631119596374406,0.8578825,0.9433989,0,True,True,0.0,False,True
dorothiebell,192,0.856632736084746,0.8221472400457773,0.87216586,0.9231125,0,True,True,3.596139682364047e-05,False,True
itstimetosecede,31,0.8561786437818093,0.8353883563183558,0.8700412,0.92422754,0,True,True,0.0,False,True
marissaimstrong,19,0.8560647231283853,0.9046138670390738,0.8411361,0.9448336,0,True,True,0.006060606060606061,False,True
j0hnlarsen,61,0.8557765511747142,0.9138548388352342,0.8388979,0.93826395,0,True,True,0.00013377542927579716,False,True
wokefromday1,16,0.8557048101261316,0.8758837352558144,0.8583333,0.93244386,0,True,True,0.0,False,True
leroylovesusa,203,0.8556883739108886,0.8250245097947121,0.8726039,0.92227703,0,True,True,8.71086778753758e-05,False,True
jadonhutchinson,51,0.855650333780605,0.81159429859751,0.8790302,0.9183309,0,True,True,0.0004626416840157298,False,True
emileewaren,191,0.8552782461259801,0.850758445825965,0.8647506,0.9222334,0,True,True,4.550001505515204e-05,False,True
sto_christi,1,0.8549265537179778,0.9325300049357995,0.8012749,0.9679948,2,True,True,0.0,False,True
jamie_mccarthy_,36,0.8544491650259952,0.8239828968697616,0.8784428,0.924207,0,True,True,0.00013033440083414017,False,True
hollydler,76,0.8540605368666101,0.8009440149688543,0.8844344,0.9198223,0,True,True,1.8790105130638205e-05,False,True
anthonywoodboy,9,0.8540004087216925,0.8395632351680505,0.8720526,0.9220959,0,True,True,0.0001689813592438084,False,True
cookncooks,193,0.8536351718516264,0.8429076097967286,0.87203586,0.9258677,0,True,True,3.3361050425227715e-05,False,True
alexharritonov,19,0.8535915844208768,0.9085276762247587,0.8506426,0.931766,0,True,True,0.007246376811594203,False,True
westernwindwes,152,0.8531875815684713,0.8323996418116619,0.87542063,0.9210994,0,True,True,9.566957201665019e-05,False,True
gwen_garland,1,0.8530559748208106,0.7855272321715357,0.8899247,0.9321701,0,True,True,0.0,False,True
mideastview,2,0.8527930164834083,0.9146313405038798,0.8476963,0.9338925,0,True,True,0.0,False,True
errivvvvers,29,0.8527725456124238,0.897793465062482,0.8555829,0.9246002,0,True,True,0.0,False,True
adrgreerr,9,0.8526807268226912,0.993702943977819,0.78553057,0.9587753,0,True,True,0.0,False,True
baobaeham,177,0.8525751570201736,0.7968322537520262,0.88601327,0.9188452,0,True,True,8.330537925553502e-05,False,True
garrettsimpson_,220,0.8522784455432698,0.8900477104329229,0.8562344,0.9191333,0,True,True,0.0018865213914790522,False,True
beverlybalsom,1,0.8522366796199198,0.9478888295797772,0.83229667,0.9389459,0,True,True,0.0,False,True
michellearry,248,0.8519808310956656,0.8643594357954739,0.8655432,0.91748166,0,True,True,2.8257806624417387e-05,False,True
charlesrespeck,6,0.8519782359611,0.9304725764835277,0.8430895,0.93593335,0,True,True,0.0,False,True
_nickluna_,241,0.8519493741209672,0.8712709885770231,0.8640909,0.91882163,0,True,True,7.576106282199828e-05,False,True
evagreen69,227,0.851729121074329,0.8791420325677358,0.8632525,0.91817945,0,True,True,6.037716458558142e-05,False,True
lazykstafford,236,0.8517268168351573,0.8591533489712059,0.8698025,0.9200013,0,True,True,3.4239703181064885e-05,False,True
laurabaeley,210,0.8510945118261736,0.8760915762893822,0.8651307,0.9194108,0,True,True,0.00011786775569832495,False,True
pigeontoday,18,0.850961805515405,0.993886707440266,0.80716944,0.9451794,0,True,True,0.0,False,True
melanymelanin,207,0.8508893196382384,0.884893906334517,0.863359,0.9242656,0,True,True,1.039807063799312e-05,False,True
wonderhann,5,0.8508269033937781,0.9118292271733721,0.8520658,0.9321374,0,True,True,0.0,False,True
scottgohard,30,0.8506247354680005,0.9197657965540635,0.8502907,0.9327311,0,True,True,0.0022148394241417496,False,True
jenn_abrams,187,0.8502868333600069,0.9041722155916582,0.8570399,0.9149902,0,True,True,6.583037706177084e-05,False,True
kotovamarys,15,0.8502273254844694,0.9951393430778253,0.81771046,0.9346165,0,True,True,0.010526315789473684,False,True
wadeharriot,71,0.8496667424249595,0.8827747361105854,0.86605567,0.9147262,0,True,True,6.303481097436059e-05,False,True
patriotraphael,190,0.849468218620557,0.8998944051254221,0.85764176,0.9149168,0,True,True,3.4168321694748756e-05,False,True
seattle_post,36,0.8491402278023042,0.8444066965729744,0.8771505,0.91774917,0,True,True,0.0034266133637921186,False,True
krustyps,1,0.8490293444415152,0.8057517899737241,0.88787454,0.92884177,0,True,True,0.0,False,True
evewebster373,81,0.849002896705121,0.888430385584209,0.8639361,0.912907,0,True,True,7.718373962687886e-05,False,True
ryanmaxwell_1,201,0.8489827515203626,0.9348824696256264,0.8491266,0.9209997,0,True,True,4.497704986850131e-05,False,True
russilanrogov,10,0.8489225796812723,0.9404369073092171,0.84822106,0.9167913,0,True,True,0.0,False,True
banttanantta,1,0.8488453623323028,0.8076577017105857,0.8875408,0.9286214,0,True,True,0.0,False,True
erdollum666,4,0.8487372614738699,1.000602114008506,0.7784348,0.96430993,2,True,True,0.0,False,True
heyits_toby,207,0.8475782305350148,0.9167524885282963,0.8576453,0.91115844,0,True,True,0.00010592725290131631,False,True
shocko_10,4,0.847281503371611,0.9965033374818182,0.8236857,0.92939675,0,True,True,0.0,False,True
gracelilstar,1,0.847264525771059,0.8007245651063533,0.8904811,0.9228533,0,True,True,0.0,False,True
logan_whatsup,66,0.8471196879760988,0.9933998245556733,0.82437766,0.9117979,0,True,True,9.733679574221045e-05,False,True
priceforpierce,162,0.8467536611412667,0.925687761162548,0.8548559,0.9123931,0,True,True,5.947375476825954e-05,False,True
blacktolive,93,0.8465109656326919,1.0312108982784653,0.80157495,0.9418536,0,True,True,0.0011366327255505565,False,True
agnesgrhm,1,0.8437295195015594,0.9755228299377624,0.84381735,0.91419554,0,True,True,0.0,False,True
puddin_leto,1,0.8434680955106996,0.9626147580685798,0.848711,0.9167638,0,True,True,0.0,False,True
hollandpatrickk,123,0.8433973035738449,0.9722919638586537,0.84572965,0.9073902,0,True,True,0.00012213117462890084,False,True
manuelkrosss,29,0.8430338758199641,1.059796220669698,0.7571648,0.9609092,2,True,True,0.002366863905325444,False,True
mil0blake,199,0.8428389817147257,0.9951925717082672,0.8327507,0.9011214,0,True,True,5.412639990552483e-05,False,True
dailylosangeles,29,0.8427073580711848,1.0831964381200683,0.78052753,0.93947524,0,True,True,0.006033182503770739,False,True
gloed_up,96,0.8418327900577119,1.06065071647051,0.80872,0.9249208,0,True,True,0.006512507975622099,False,True
aantiracist,15,0.8416401864430755,1.096099952449003,0.794459,0.9161131,0,True,True,0.0,False,True
mbrownhere,1,0.8415262920693148,0.8926334695886451,0.8712793,0.92024195,0,True,True,0.0,False,True
entatjanamax,30,0.8415248352315862,1.070786170033808,0.8017083,0.8939211,0,True,True,0.0069881201956673656,False,True
deusxyx,16,0.8405195248455591,1.1018237070523682,0.7025671,0.96704495,0,True,True,0.0018501387604070306,False,True
kolradskiy_zhuk,12,0.8404112009052015,1.1137017748255333,0.7720638,0.9362994,0,True,True,0.0,False,True
jeffreykahunas,221,0.8400752440965615,0.9822477815431254,0.84603137,0.9075483,0,True,True,0.0029650723706248147,False,True
berkhoff85,9,0.839631001554867,1.0964624058856964,0.7377925,0.96035236,2,True,True,0.0,False,True
erdollum,16,0.8396124870407605,1.1324604385030925,0.7356909,0.9492707,2,True,True,0.010526315789473684,False,True
jaedenmassey,1,0.8395735138152859,1.0030043676757578,0.8403711,0.91183543,0,True,True,0.0,False,True
bocharnikov_v,19,0.8392699385518414,1.1027607545255942,0.7992836,0.9080807,0,True,True,0.0,False,True
rh0lbr00k,20,0.8382847985714756,0.9817616725804617,0.8471595,0.89558417,0,True,True,0.00010017028949213663,False,True
jeannemccarthy0,178,0.8372290552366193,1.0045381089561523,0.8427914,0.8986285,0,True,True,4.605045402869519e-05,False,True
klara_sauber,44,0.8365135480891507,1.12252138912708,0.73326623,0.95704347,2,True,True,0.00043733637849033914,False,True
_billy_moyer_,90,0.8359178140727918,1.0826724069828892,0.81444806,0.89656335,0,True,True,9.212318020733473e-05,False,True
mihanovikov,14,0.8357899536482798,1.107468693601638,0.7980987,0.8814571,0,True,True,0.0,False,True
klausfinker,1,0.8347207358095405,1.1383099984155638,0.72711337,0.9560374,2,True,True,0.0,False,True
mmmdarya,2,0.8346446562880128,1.1346748011242767,0.79176515,0.91601837,0,True,True,0.0,False,True
judelambertusa,181,0.8343557499716039,1.0239447172708371,0.8393969,0.89220494,0,True,True,8.738008419291134e-05,False,True
mtthsberger,4,0.8340734289239923,1.14534752848887,0.72370976,0.95567775,2,True,True,0.0,False,True
chrisuport_port,9,0.833232072489958,1.1422735965786734,0.67999524,0.9675267,2,True,True,0.0,False,True
christinapool61,7,0.8330968693183373,1.153643369627214,0.7207235,0.9550379,2,True,True,0.010493827160493827,False,True
peterkistner,14,0.8327983990485319,1.1585131443777197,0.7145243,0.9558731,2,True,True,0.003610015213635543,False,True
trayneshacole,73,0.8326156055297139,1.1834331725137643,0.7472757,0.93438727,0,True,True,0.003967879074161549,False,True
portmela,1,0.8321723677803954,1.0795590910456452,0.82291955,0.90015835,0,True,True,0.0,False,True
blacktivists,11,0.8311294742094317,1.2233713276624274,0.7221824,0.93149316,0,True,True,0.0,False,True
hiimkhloe,252,0.8304064818315045,1.1339856666422694,0.8052705,0.90599376,0,True,True,9.936396340689722e-05,False,True
yaeltrouble,1,0.8295155468408119,0.9938955645467854,0.8541612,0.90378004,0,True,True,0.0,False,True
micparrish,92,0.8290084376995844,1.1907414892708539,0.7790995,0.87896407,0,True,True,5.604540337030682e-05,False,True
lilylilyhasse,6,0.8288965355067781,1.1903912466023718,0.70532435,0.95255774,2,True,True,0.0,False,True
malloryjared,219,0.8286470839978182,1.137861123696812,0.8052998,0.90780044,0,True,True,8.49976913762639e-05,False,True
johnbranchh,179,0.8283484587334726,1.2045277045553422,0.7744265,0.9056336,0,True,True,4.4111966253085477e-05,False,True
nj_blacknews,12,0.8274686233194826,1.2311589600674717,0.74865866,0.91824156,0,True,True,0.0,False,True
c__wells,64,0.8271559601089451,1.157017841219793,0.8006855,0.8991522,0,True,True,0.00017662200034804923,False,True
rusnevrotik,3,0.8269418386585515,1.015215479852319,0.5531793,0.9979843,0,True,True,0.0,False,True
sternandreas404,35,0.8266761999791737,1.2113217071950266,0.69040334,0.9523953,2,True,True,0.0005241704657530467,False,True
sincerepruitt,11,0.8259324391215694,1.2621608106859779,0.7309061,0.91774046,0,True,True,0.0,False,True
dontshootcom,10,0.8251283622059518,1.258433344702503,0.72930026,0.92295927,0,True,True,0.0,False,True
orrclay,2,0.8234955069794085,1.2231885101045603,0.6081162,0.96087307,1,True,True,0.0,False,True
krasilnikovbor,10,0.823246864267803,1.2948422438728102,0.72827095,0.8811605,0,True,True,0.0,False,True
joachimbuchwitz,1,0.8224556738404383,1.244039858677818,0.6809848,0.94880426,2,True,True,0.0,False,True
jsncarey,4,0.8220588709051281,1.1769459009318939,0.59643286,0.97470754,1,True,True,0.0,False,True
kelvsok,1,0.8218188095482635,1.2709299480794962,0.6563018,0.9461342,0,True,True,0.0,False,True
viborisova,6,0.8215546329509966,1.3203709186102586,0.6933756,0.91526073,0,True,True,0.0,False,True
karolineauge,3,0.8198884368639255,1.2617517499509008,0.6568872,0.95093024,2,True,True,0.0,False,True
denn_nikitin,4,0.819134336616128,1.0868177048166354,0.53080666,0.9907039,0,True,True,0.0,False,True
glennharper_,4,0.8190568024405414,1.145018439686444,0.56058717,0.9823744,1,True,True,0.0,False,True
lelandgraves_,4,0.8188887113131883,1.20509335549403,0.59536535,0.97084033,1,True,True,0.0,False,True
todayinsyria,66,0.8187744124950945,1.193738200970813,0.5727463,0.97333455,3,True,True,0.0003160556257901391,False,True
lila_gorila,2,0.8181818181818182,1.0000000027478353,0.5,1.0,0,True,True,0.0,False,True
shikarnoel,2,0.8181818181818182,1.0000000027478353,0.5,1.0,8,True,True,0.0,False,True
clydedaws0n,2,0.8181818181818182,1.0000000027478353,0.5,1.0,1,True,True,0.0,False,True
oh_frida,2,0.8181818181818182,1.0000000027478353,0.5,1.0,0,True,True,0.0,False,True
mikkyrurk,2,0.8181818181818182,1.0000000027478353,0.5,1.0,0,True,True,0.0,False,True
jihadist2ndwife,9,0.8172740530196521,1.3043547762746832,0.631714,0.94420713,0,True,True,0.0,False,True
susayung,13,0.8167969705918965,1.367474644915795,0.7030071,0.88440543,0,True,True,0.0,False,True
marianeuberg1,12,0.8158772122610279,1.2940045163804577,0.6576616,0.9448642,2,True,True,0.0025561987820464627,False,True
blacneighbor,13,0.815582377078015,1.3040995540208027,0.6118544,0.94844085,0,True,True,0.013071895424836602,False,True
blacknewsoutlet,40,0.8143644040452691,1.375759135199182,0.7072603,0.88633585,0,True,True,0.0012987012987012987,False,True
margoberoeva,2,0.8110811010773876,1.3273767178844804,0.59290916,0.9471295,0,True,True,0.0,False,True
iancalh0un,2,0.8106423638802213,1.3799135481134241,0.6951234,0.90764415,0,True,True,0.0,False,True
ninonderrien,3,0.8085509016030984,1.3414974394248969,0.61835545,0.94346493,2,True,True,0.0,False,True
hamburgbote,1,0.8072418568562526,1.354797889712023,0.6256654,0.93977106,2,True,True,0.0,False,True
crystal1johnson,123,0.8036151054578274,1.4615627415671697,0.6384982,0.9015244,0,True,True,0.0001363954102944436,False,True
maximgaron1,2,0.8017630849118346,1.3901910593463347,0.60488784,0.93656594,2,True,True,0.0,False,True
kirstenladaniel,1,0.8014532074917433,1.366065161100649,0.5823464,0.9454424,1,True,True,0.0,False,True
sylvielefevrier,3,0.8012978066972102,1.3878472797803763,0.5940603,0.93860865,2,True,True,0.0,False,True
bleepthepolice,87,0.8011697790195113,1.457097040054866,0.6800592,0.8927734,0,True,True,0.0005909583374372107,False,True
russianallies,1,0.8002002535397293,1.409935269604663,0.6243349,0.92999166,4,True,True,0.0,False,True
andreaseulitz,1,0.7991355516019454,1.4061566387825564,0.5952625,0.93501705,2,True,True,0.0,False,True
warfareww,27,0.7983776762864647,1.4007685943136754,0.53028846,0.93537706,0,True,True,0.0,False,True
riogithief,3,0.7918636728030521,1.4109112711483096,0.53999543,0.9413642,1,True,True,0.0,False,True
aleksey_sokol_,12,0.7909274693067381,1.554151493468322,0.56287855,0.8487959,0,True,True,0.0,False,True
4mysquad,21,0.7904891887981015,1.5318742367367608,0.5335782,0.88812685,0,True,True,0.0,False,True
schultei2,1,0.7890279162578314,1.4625681521441136,0.5580461,0.92902803,2,True,True,0.0,False,True
todaycleveland,19,0.7881844147993933,1.526746745983937,0.6916448,0.80251664,0,True,True,0.0023228803716608595,False,True
colbyst1,3,0.7866628911854755,1.3945172829287886,0.49586278,0.9464565,1,True,True,0.0,False,True
blackmattersus,46,0.7842214774628369,1.5949454342876785,0.63018,0.8715573,0,True,True,0.0009045680687471732,False,True
angela_lattke,1,0.7818328177767386,1.4978096330803643,0.5315139,0.92475563,2,True,True,0.0,False,True
andrebeauleger,3,0.7803892436062518,1.4526519764606658,0.47932112,0.93460083,0,True,True,0.0,False,True
israel_wills,1,0.7765576781271588,1.5244148332208882,0.5193315,0.92178833,0,True,True,0.0,False,True
verrellportier,3,0.7749871052619587,1.4880705995273051,0.47286728,0.92855406,0,True,False,0.0,False,False
jrrbrtt,1,0.7713496276117583,1.4901983688837799,0.4662551,0.9302423,1,True,False,0.0,False,False
blk_voice,41,0.7668165739819429,1.6918342684083538,0.49784103,0.86824137,0,True,False,0.0,False,False
6druz,5,0.731971886105771,1.642315819693378,0.3638294,0.6787611,0,True,False,0.0,False,False
gffgfsfgfsdffjj,4,0.7312594087275343,1.6330045069930148,0.35881907,0.6768903,0,True,False,0.0,False,False
