user_id,post_count,gini_coefficient,shannon_entropy,top1_ratio,top2_ratio,dominant_topic,Topic_0,Topic_1,Topic_2,Topic_3,Topic_4,Topic_5,Topic_6,Topic_7,Topic_8,Topic_9,Topic_10
oooonlyone,1,0.909091,0.000000,1.000000,1.000000,0,1.000000,0.000000,0.000000,0.000000,0.000000,0.000000,0.000000,0.000000,0.000000,0.000000,0.000000
tinatkurtz1222,1,0.909091,0.000000,1.000000,1.000000,2,0.000000,0.000000,1.000000,0.000000,0.000000,0.000000,0.000000,0.000000,0.000000,0.000000,0.000000
arseni_roman,1,0.909091,0.000000,1.000000,1.000000,8,0.000000,0.000000,0.000000,0.000000,0.000000,0.000000,0.000000,0.000000,1.000000,0.000000,0.000000
horrorki,1,0.909091,0.000000,1.000000,1.000000,0,1.000000,0.000000,0.000000,0.000000,0.000000,0.000000,0.000000,0.000000,0.000000,0.000000,0.000000
handsome_henson,1,0.909091,0.000000,1.000000,1.000000,1,0.000000,1.000000,0.000000,0.000000,0.000000,0.000000,0.000000,0.000000,0.000000,0.000000,0.000000
ostrovofficer,1,0.909091,0.000000,1.000000,1.000000,0,1.000000,0.000000,0.000000,0.000000,0.000000,0.000000,0.000000,0.000000,0.000000,0.000000,0.000000
bratuha_borcuha,1,0.909091,0.000000,1.000000,1.000000,8,0.000000,0.000000,0.000000,0.000000,0.000000,0.000000,0.000000,0.000000,1.000000,0.000000,0.000000
med_harley,1,0.909091,0.000000,1.000000,1.000000,8,0.000000,0.000000,0.000000,0.000000,0.000000,0.000000,0.000000,0.000000,1.000000,0.000000,0.000000
briys_valera,1,0.909091,0.000000,1.000000,1.000000,0,1.000000,0.000000,0.000000,0.000000,0.000000,0.000000,0.000000,0.000000,0.000000,0.000000,0.000000
gorelkinnn,1,0.909091,0.000000,1.000000,1.000000,9,0.000000,0.000000,0.000000,0.000000,0.000000,0.000000,0.000000,0.000000,0.000000,1.000000,0.000000
globalfoe,1,0.909091,0.000000,1.000000,1.000000,0,1.000000,0.000000,0.000000,0.000000,0.000000,0.000000,0.000000,0.000000,0.000000,0.000000,0.000000
moda_barina,1,0.909091,0.000000,1.000000,1.000000,9,0.000000,0.000000,0.000000,0.000000,0.000000,0.000000,0.000000,0.000000,0.000000,1.000000,0.000000
fischermaria933,1,0.909091,0.000000,1.000000,1.000000,2,0.000000,0.000000,1.000000,0.000000,0.000000,0.000000,0.000000,0.000000,0.000000,0.000000,0.000000
mrservelat,1,0.909091,0.000000,1.000000,1.000000,8,0.000000,0.000000,0.000000,0.000000,0.000000,0.000000,0.000000,0.000000,1.000000,0.000000,0.000000
mwiqcen,1,0.909091,0.000000,1.000000,1.000000,9,0.000000,0.000000,0.000000,0.000000,0.000000,0.000000,0.000000,0.000000,0.000000,1.000000,0.000000
christinacrisss,1,0.909091,0.000000,1.000000,1.000000,0,1.000000,0.000000,0.000000,0.000000,0.000000,0.000000,0.000000,0.000000,0.000000,0.000000,0.000000
nana_lama,1,0.909091,0.000000,1.000000,1.000000,8,0.000000,0.000000,0.000000,0.000000,0.000000,0.000000,0.000000,0.000000,1.000000,0.000000,0.000000
krivelev_law,1,0.909091,0.000000,1.000000,1.000000,8,0.000000,0.000000,0.000000,0.000000,0.000000,0.000000,0.000000,0.000000,1.000000,0.000000,0.000000
lmarinays,1,0.909091,0.000000,1.000000,1.000000,9,0.000000,0.000000,0.000000,0.000000,0.000000,0.000000,0.000000,0.000000,0.000000,1.000000,0.000000
edmundc0oke,1,0.909091,0.000000,1.000000,1.000000,3,0.000000,0.000000,0.000000,1.000000,0.000000,0.000000,0.000000,0.000000,0.000000,0.000000,0.000000
ttlenlen,1,0.909091,0.000000,1.000000,1.000000,8,0.000000,0.000000,0.000000,0.000000,0.000000,0.000000,0.000000,0.000000,1.000000,0.000000,0.000000
jorda_morgan,1,0.909091,0.000000,1.000000,1.000000,9,0.000000,0.000000,0.000000,0.000000,0.000000,0.000000,0.000000,0.000000,0.000000,1.000000,0.000000
joseph_jenks,1,0.909091,0.000000,1.000000,1.000000,1,0.000000,1.000000,0.000000,0.000000,0.000000,0.000000,0.000000,0.000000,0.000000,0.000000,0.000000
jon_underwood_,1,0.909091,0.000000,1.000000,1.000000,1,0.000000,1.000000,0.000000,0.000000,0.000000,0.000000,0.000000,0.000000,0.000000,0.000000,0.000000
albertmorenmore,1,0.909091,0.000000,1.000000,1.000000,1,0.000000,1.000000,0.000000,0.000000,0.000000,0.000000,0.000000,0.000000,0.000000,0.000000,0.000000
zistti,1,0.909091,0.000000,1.000000,1.000000,0,1.000000,0.000000,0.000000,0.000000,0.000000,0.000000,0.000000,0.000000,0.000000,0.000000,0.000000
milimillennium,1,0.908558,0.021494,0.998164,0.999675,8,0.001394,0.000083,0.000047,0.000060,0.000022,0.000023,0.000016,0.000024,0.920885,0.000011,0.000014
inspectan,1,0.908216,0.033125,0.996987,0.999467,8,0.002131,0.000126,0.000071,0.000091,0.000033,0.000036,0.000024,0.000036,0.856521,0.000017,0.000022
shapka_mono,2,0.907706,0.038441,0.996808,0.998244,0,0.509134,0.000734,0.000064,0.000393,0.000023,0.000198,0.000038,0.000092,0.000015,0.000016,0.000057
msm0re,2,0.907697,0.038679,0.996785,0.998231,0,0.509216,0.000739,0.000064,0.000397,0.000023,0.000200,0.000038,0.000093,0.000015,0.000016,0.000058
rus_in_usa,2,0.905975,0.098748,0.989249,0.997997,4,0.007701,0.000491,0.000318,0.000380,0.870897,0.000144,0.000074,0.000146,0.000077,0.000064,0.000070
sovasof,2,0.903945,0.167005,0.978990,0.996845,9,0.009119,0.000732,0.000064,0.000393,0.000023,0.000198,0.000038,0.000092,0.000015,0.500016,0.000057
coldwar20_ru,4,0.902208,0.190757,0.976252,0.995575,4,0.013586,0.000866,0.000561,0.000671,0.686379,0.000253,0.000131,0.000258,0.000136,0.000113,0.000123
maxdementiev,5,0.901716,0.201820,0.974555,0.995259,4,0.013443,0.000857,0.000555,0.000664,0.632796,0.000251,0.000129,0.000255,0.000135,0.000111,0.000122
margosavazh,5,0.900158,0.235820,0.969179,0.994257,4,0.014276,0.000910,0.000589,0.000705,0.551695,0.000266,0.000137,0.000271,0.000143,0.000118,0.000130
kadirovrussia,6,0.899038,0.259376,0.965315,0.993537,4,0.016649,0.001061,0.000687,0.000822,0.569459,0.000310,0.000160,0.000316,0.000167,0.000138,0.000151
lavrovmuesli,10,0.898489,0.270691,0.963419,0.993184,4,0.015992,0.001019,0.000660,0.000789,0.517624,0.000298,0.000154,0.000304,0.000160,0.000133,0.000145
anzgri,2,0.898306,0.225396,0.975052,0.986340,0,0.696955,0.004709,0.000963,0.008068,0.000347,0.001697,0.000360,0.000858,0.000214,0.000190,0.000426
riafanru,1,0.897628,0.288131,0.960448,0.992630,4,0.019333,0.001232,0.000798,0.000954,0.576984,0.000360,0.000186,0.000367,0.000194,0.000160,0.000176
darknally,39,0.896764,0.224850,0.976179,0.983867,0,0.682117,0.004467,0.001333,0.005372,0.000516,0.002420,0.000454,0.001066,0.000296,0.000237,0.000484
cascaseyp,20,0.894629,0.272458,0.969346,0.980771,0,0.736226,0.007073,0.001410,0.008677,0.000498,0.002357,0.000583,0.001393,0.000326,0.000281,0.000685
bricegeller,7,0.892658,0.310117,0.963862,0.977866,0,0.703278,0.008109,0.001416,0.010219,0.000505,0.002730,0.000608,0.001445,0.000330,0.000288,0.000720
sergeev_tolik,11,0.892591,0.329108,0.960184,0.979337,0,0.700510,0.007490,0.001370,0.013973,0.000486,0.002543,0.000559,0.001399,0.000303,0.000275,0.000650
ssus_panther,1,0.891901,0.280898,0.969513,0.978536,0,0.530506,0.004937,0.001890,0.004259,0.000677,0.001839,0.000581,0.001270,0.000319,0.000317,0.000594
dannythehappies,25,0.891879,0.307999,0.964738,0.976829,0,0.750820,0.008753,0.001622,0.009410,0.000547,0.002808,0.000787,0.001618,0.000364,0.000348,0.001185
whitehousecards,60,0.891871,0.399286,0.942636,0.985167,4,0.022904,0.001453,0.003703,0.001135,0.507638,0.000425,0.000219,0.000429,0.000226,0.000188,0.000209
tezaharov,6,0.891500,0.321969,0.962475,0.976632,0,0.616101,0.007255,0.001418,0.009062,0.000524,0.002481,0.000589,0.001395,0.000339,0.000290,0.000666
ericarutter,5,0.890602,0.322166,0.962934,0.975383,0,0.698372,0.008609,0.001724,0.009029,0.000554,0.002488,0.000828,0.001591,0.000361,0.000386,0.001312
abigailssilk,8,0.888334,0.346271,0.960109,0.973857,0,0.619395,0.008870,0.001723,0.006922,0.000566,0.002742,0.000923,0.001771,0.000391,0.000385,0.001443
heyheyhailey,17,0.888093,0.362607,0.957098,0.971659,0,0.731559,0.010484,0.002018,0.011130,0.000704,0.003412,0.000913,0.002022,0.000471,0.000417,0.001220
hellieedwards,27,0.887382,0.369456,0.956223,0.970642,0,0.570229,0.008482,0.001522,0.008598,0.000517,0.002653,0.000793,0.001621,0.000350,0.000334,0.001236
gab1aldana,27,0.887114,0.373887,0.955629,0.970924,0,0.655233,0.009356,0.001891,0.010487,0.000641,0.003080,0.000906,0.001832,0.000431,0.000393,0.001406
ilikebigbuttand,34,0.887112,0.378530,0.954704,0.970520,0,0.574274,0.008617,0.001621,0.009514,0.000551,0.002750,0.000771,0.001615,0.000371,0.000348,0.001089
holycrapchrix,25,0.887060,0.378582,0.954771,0.970711,0,0.764379,0.011167,0.002190,0.012762,0.000750,0.003718,0.001028,0.002122,0.000503,0.000460,0.001509
johnnymarch_,9,0.886887,0.390770,0.952514,0.969248,0,0.571881,0.009168,0.001522,0.010047,0.000573,0.003342,0.000673,0.001712,0.000354,0.000315,0.000805
worldofhashtags,52,0.886780,0.374303,0.955717,0.970560,0,0.633780,0.009137,0.001854,0.009843,0.000619,0.002855,0.000939,0.001816,0.000422,0.000397,0.001484
jerstoner,8,0.886746,0.407679,0.949159,0.970797,0,0.496099,0.007595,0.001377,0.011310,0.000484,0.002573,0.000569,0.001384,0.000302,0.000286,0.000693
brentmcclure275,13,0.886720,0.412084,0.948258,0.971255,0,0.470249,0.007026,0.001245,0.011405,0.000444,0.002412,0.000558,0.001332,0.000288,0.000255,0.000695
kencannone,16,0.886491,0.374444,0.955868,0.969933,0,0.583382,0.008584,0.001748,0.008527,0.000601,0.002742,0.000853,0.001741,0.000413,0.000364,0.001360
novostidamask,7,0.885822,0.500410,0.919714,0.985041,4,0.020137,0.001283,0.000831,0.000994,0.283505,0.000375,0.000194,0.000382,0.000202,0.000167,0.000183
jarrardnorman,24,0.885503,0.401697,0.951326,0.968820,0,0.503004,0.007863,0.001591,0.009250,0.000551,0.002548,0.000717,0.001542,0.000368,0.000330,0.000976
aiden7757,22,0.885182,0.396737,0.952527,0.968244,0,0.554356,0.008542,0.001809,0.009147,0.000632,0.002942,0.000829,0.001726,0.000424,0.000368,0.001209
sergbriantsev,6,0.885176,0.421332,0.947630,0.968517,0,0.548703,0.008855,0.001701,0.012094,0.000615,0.003110,0.000706,0.001666,0.000402,0.000342,0.000832
batonrougevoice,93,0.885019,0.417559,0.948652,0.968822,0,0.724816,0.010604,0.002438,0.015411,0.000942,0.004660,0.000914,0.002245,0.000554,0.000475,0.000990
calebpaar,23,0.884928,0.401441,0.951745,0.967696,0,0.570225,0.009112,0.001864,0.009557,0.000638,0.002998,0.000856,0.001836,0.000425,0.000384,0.001241
loragreeen,33,0.884756,0.418969,0.948405,0.967400,0,0.617350,0.010384,0.001922,0.012365,0.000660,0.003434,0.000870,0.001946,0.000436,0.000397,0.001171
hipppo_,23,0.884674,0.409719,0.950286,0.966788,0,0.618041,0.010413,0.002013,0.010732,0.000701,0.003508,0.000901,0.002072,0.000476,0.000403,0.001112
kaydenmelton,9,0.884574,0.447461,0.942477,0.968906,0,0.598556,0.009668,0.001820,0.016784,0.000633,0.003368,0.000748,0.001844,0.000398,0.000361,0.000907
dickyirwin,22,0.884348,0.407633,0.950912,0.967016,0,0.592101,0.009613,0.001968,0.010028,0.000670,0.003138,0.000924,0.001942,0.000449,0.000404,0.001430
oaklandonline,73,0.884099,0.427369,0.947322,0.967116,0,0.710775,0.011174,0.002462,0.014851,0.000958,0.004768,0.000938,0.002303,0.000567,0.000484,0.001019
onlinecleveland,104,0.883842,0.416033,0.949800,0.966966,0,0.558170,0.008304,0.002121,0.010088,0.000855,0.003729,0.000787,0.001871,0.000497,0.000416,0.000831
bgarner2107,28,0.883795,0.431228,0.946656,0.967016,0,0.665125,0.010960,0.002264,0.014305,0.000783,0.003695,0.001002,0.002130,0.000516,0.000467,0.001359
amandavgreen,26,0.883735,0.418049,0.949261,0.965875,0,0.591259,0.010107,0.002001,0.010348,0.000686,0.003325,0.000938,0.001973,0.000458,0.000419,0.001348
claypaigeboo,10,0.883676,0.470723,0.938000,0.968546,0,0.684073,0.011096,0.002085,0.022277,0.000747,0.004217,0.000837,0.002102,0.000456,0.000413,0.000986
gibbs_jeremy_,1,0.883560,0.559573,0.900419,0.986935,1,0.083164,0.865530,0.001262,0.003755,0.000489,0.002046,0.000915,0.002408,0.000283,0.000344,0.001057
elpasotopnews,4,0.883499,0.432066,0.946633,0.964370,0,0.680387,0.012539,0.002197,0.012749,0.000860,0.004643,0.000923,0.002464,0.000505,0.000456,0.001021
catelinewatkins,12,0.883399,0.442699,0.944588,0.967132,0,0.567753,0.013550,0.001967,0.009224,0.000671,0.003116,0.000851,0.002010,0.000459,0.000378,0.001080
adrienne_gg,23,0.883337,0.416859,0.949791,0.966003,0,0.640374,0.010458,0.002267,0.010930,0.000785,0.003515,0.001071,0.002139,0.000521,0.000472,0.001694
vasilichvasili,18,0.882818,0.464270,0.940386,0.966232,0,0.543147,0.009471,0.001890,0.014928,0.000674,0.003299,0.000742,0.001783,0.000423,0.000374,0.000847
richmondvoice,57,0.882666,0.447114,0.944216,0.963976,0,0.644426,0.011877,0.002212,0.013486,0.000843,0.004461,0.000909,0.002312,0.000512,0.000447,0.001012
jmscoxxx,24,0.882580,0.444166,0.944864,0.965058,0,0.667134,0.011776,0.002414,0.014258,0.000826,0.003817,0.001065,0.002295,0.000552,0.000492,0.001435
brightandglory,30,0.882238,0.434098,0.947129,0.964368,0,0.558833,0.010171,0.001983,0.009664,0.000677,0.003283,0.000997,0.002050,0.000460,0.000421,0.001489
skatewake1994,15,0.881847,0.511610,0.929760,0.966572,0,0.634453,0.025120,0.001901,0.012131,0.000695,0.003463,0.000826,0.002006,0.000430,0.000395,0.000964
donnielmiller,5,0.881453,0.445757,0.945331,0.964058,0,0.486480,0.009637,0.001806,0.008369,0.000576,0.002800,0.000917,0.001742,0.000383,0.000414,0.001490
newspeakdaily,107,0.881401,0.458533,0.942963,0.964042,0,0.776355,0.012789,0.003180,0.017355,0.001241,0.005827,0.001168,0.002815,0.000726,0.000615,0.001242
newarkvoice,100,0.881326,0.469631,0.940336,0.961603,0,0.650596,0.014715,0.002358,0.013555,0.000912,0.004513,0.000929,0.002262,0.000549,0.000470,0.001016
bigboysneed,12,0.881285,0.480221,0.938072,0.961333,0,0.655148,0.014231,0.002160,0.016245,0.000770,0.004499,0.000946,0.002332,0.000503,0.000445,0.001118
todaymiami,68,0.881097,0.471037,0.940509,0.963064,0,0.660827,0.011856,0.002542,0.015847,0.000974,0.005037,0.000975,0.002414,0.000577,0.000500,0.001076
boriseleseev,8,0.880952,0.490028,0.936327,0.964011,0,0.416689,0.007692,0.001589,0.012321,0.000563,0.002732,0.000610,0.001446,0.000352,0.000314,0.000718
jacksoncitypost,40,0.880814,0.490959,0.936326,0.963754,0,0.621910,0.011209,0.002324,0.018218,0.000877,0.004570,0.000896,0.002213,0.000523,0.000457,0.001004
charlesjharper,26,0.880788,0.459318,0.943021,0.962647,0,0.654956,0.012139,0.002501,0.013631,0.000851,0.003978,0.001188,0.002385,0.000574,0.000523,0.001803
dailysanfran,94,0.880712,0.479659,0.938991,0.963175,0,0.673768,0.011847,0.002670,0.017353,0.001028,0.005211,0.001000,0.002455,0.000605,0.000519,0.001087
dailysandiego,54,0.880569,0.480258,0.938969,0.962626,0,0.659204,0.011890,0.002582,0.016608,0.000995,0.005159,0.000986,0.002450,0.000586,0.000505,0.001084
neworleanson,69,0.880485,0.487557,0.937419,0.963101,0,0.649328,0.011638,0.002546,0.017789,0.000976,0.004920,0.000965,0.002384,0.000575,0.000499,0.001057
glebnikon,11,0.880385,0.493635,0.936103,0.962638,0,0.661177,0.012564,0.002531,0.018742,0.000899,0.004734,0.000985,0.002466,0.000558,0.000491,0.001162
kansasdailynews,119,0.880180,0.484707,0.938346,0.962662,0,0.679801,0.011941,0.002800,0.017616,0.001081,0.005352,0.001041,0.002536,0.000635,0.000543,0.001122
onlinememphis,24,0.880048,0.484382,0.938454,0.961929,0,0.659612,0.012269,0.002685,0.016499,0.001029,0.004975,0.001031,0.002486,0.000623,0.000529,0.001132
bruciedublin,25,0.879932,0.537766,0.924873,0.967458,0,0.649668,0.010809,0.002232,0.029913,0.000769,0.003511,0.001012,0.002116,0.000512,0.000461,0.001436
houstontopnews,39,0.879867,0.490527,0.937237,0.961672,0,0.571523,0.010938,0.002283,0.014900,0.000860,0.004217,0.000901,0.002172,0.000528,0.000455,0.001018
blackeyeblog,6,0.879846,0.505897,0.933682,0.962955,0,0.624982,0.011875,0.002533,0.019594,0.000903,0.004127,0.000956,0.002240,0.000559,0.000509,0.001095
philadelphiaon,64,0.879225,0.494959,0.936544,0.958550,0,0.615776,0.013742,0.002394,0.014469,0.000923,0.004757,0.000961,0.002374,0.000561,0.000481,0.001060
danageezus,54,0.879020,0.466994,0.942599,0.961500,0,0.694249,0.013921,0.002747,0.012392,0.000884,0.003970,0.001587,0.002632,0.000606,0.000654,0.002884
interfischer,5,0.878893,0.520038,0.931303,0.960909,0,0.754829,0.015666,0.003012,0.023996,0.001061,0.005259,0.001193,0.002812,0.000674,0.000614,0.001393
detroitdailynew,65,0.878825,0.497346,0.936532,0.958738,0,0.659075,0.013804,0.002655,0.015628,0.001011,0.005532,0.001066,0.002637,0.000610,0.000533,0.001189
devinedevinbr,7,0.878775,0.539956,0.926453,0.962416,0,0.748365,0.015064,0.002870,0.029050,0.001016,0.005055,0.001120,0.002712,0.000626,0.000581,0.001314
march_for_trump,40,0.878584,0.533434,0.928415,0.958375,0,0.672671,0.021707,0.002271,0.015992,0.000852,0.005305,0.001002,0.002581,0.000528,0.000484,0.001144
lapinolegg,9,0.878571,0.513833,0.933139,0.960252,0,0.489900,0.009888,0.002064,0.014235,0.000751,0.003684,0.000793,0.001897,0.000466,0.000405,0.000918
chrixmorgan,60,0.878496,0.486326,0.938895,0.959412,0,0.638955,0.013199,0.002550,0.013963,0.000837,0.003945,0.001324,0.002440,0.000563,0.000580,0.002183
boryabuchin,8,0.878329,0.494284,0.937464,0.958180,0,0.475472,0.010194,0.001909,0.010507,0.000645,0.003486,0.000901,0.001944,0.000424,0.000402,0.001306
todaybostonma,81,0.878227,0.502765,0.935974,0.959504,0,0.698978,0.013404,0.003111,0.017572,0.001210,0.005892,0.001174,0.002863,0.000712,0.000607,0.001268
jeanuttella,13,0.878193,0.506100,0.935018,0.957513,0,0.494707,0.011172,0.001913,0.011902,0.000679,0.003756,0.000903,0.002107,0.000451,0.000401,0.001096
chernenkonikola,14,0.878142,0.554393,0.923328,0.963506,0,0.608231,0.011281,0.002456,0.026466,0.000858,0.004149,0.000939,0.002228,0.000525,0.000476,0.001128
edmundrjr,3,0.878133,0.517965,0.932646,0.959924,0,0.537594,0.010648,0.002346,0.015724,0.000838,0.004227,0.000905,0.002167,0.000520,0.000452,0.000998
curtisbigman,28,0.878048,0.496156,0.936963,0.955051,0,0.649280,0.012534,0.002112,0.012335,0.000725,0.010246,0.001011,0.002300,0.000482,0.000444,0.001494
specialaffair,103,0.877779,0.524223,0.931560,0.959053,0,0.627241,0.010249,0.002554,0.018512,0.000956,0.008632,0.000907,0.002266,0.000539,0.000476,0.000992
ilovesarahrich,47,0.877643,0.522943,0.931769,0.957531,0,0.552524,0.012584,0.002196,0.015276,0.000772,0.004174,0.000980,0.002306,0.000501,0.000457,0.001213
robertebonyking,11,0.877441,0.530303,0.930564,0.958139,0,0.392361,0.011626,0.001456,0.008204,0.000545,0.003464,0.000700,0.001763,0.000340,0.000312,0.000867
brianthelifter,10,0.877141,0.539218,0.928427,0.957496,0,0.690533,0.016007,0.002816,0.021621,0.001003,0.005198,0.001175,0.002806,0.000632,0.000596,0.001379
dominicvalent,38,0.876798,0.498067,0.938012,0.955468,0,0.545498,0.010152,0.006932,0.009701,0.000701,0.003147,0.001008,0.001980,0.000468,0.000453,0.001507
jassscott,41,0.876457,0.548232,0.926977,0.956016,0,0.549104,0.013289,0.002208,0.017202,0.000783,0.004350,0.000966,0.002344,0.000507,0.000460,0.001147
phoenixdailynew,95,0.876448,0.540348,0.928651,0.953680,0,0.726766,0.012011,0.002620,0.014932,0.001024,0.019588,0.000999,0.002464,0.000602,0.000514,0.001085
bigseanbeast,11,0.876418,0.537393,0.929498,0.955334,0,0.569602,0.013797,0.002323,0.015832,0.000824,0.004603,0.001043,0.002447,0.000532,0.000496,0.001306
washingtonline,105,0.876414,0.561687,0.923764,0.960202,0,0.678165,0.013035,0.002989,0.026751,0.001163,0.005683,0.001124,0.002745,0.000684,0.000584,0.001208
politopros,1,0.876310,0.646183,0.886895,0.978925,4,0.026886,0.001713,0.001110,0.001327,0.259100,0.000501,0.000258,0.000511,0.000269,0.000223,0.000244
razvedchica_,15,0.876270,0.608612,0.909642,0.965333,0,0.383972,0.006688,0.001597,0.023508,0.000556,0.002559,0.000568,0.001369,0.000335,0.000300,0.000661
peytoncashout,34,0.876056,0.545764,0.927892,0.955074,0,0.550577,0.013547,0.002242,0.016129,0.000776,0.004323,0.001027,0.002416,0.000505,0.000468,0.001352
watchmewalkin,59,0.876050,0.559971,0.924559,0.956591,0,0.624665,0.014782,0.002627,0.021642,0.000928,0.004909,0.001079,0.002597,0.000591,0.000542,0.001273
samirgooden,38,0.876013,0.545709,0.927917,0.954278,0,0.617869,0.015609,0.002484,0.017553,0.000888,0.005112,0.001124,0.002769,0.000580,0.000519,0.001360
finnaglo,11,0.876008,0.550231,0.927034,0.955899,0,0.510979,0.011896,0.002170,0.015910,0.000782,0.004324,0.000908,0.002227,0.000496,0.000438,0.001067
georevieweurope,1,0.875688,0.545244,0.928632,0.956837,0,0.172274,0.003544,0.000834,0.005232,0.000322,0.001583,0.000305,0.000742,0.000187,0.000162,0.000327
stanleyparris,53,0.875645,0.555437,0.925998,0.954170,0,0.656121,0.016727,0.002635,0.019961,0.000933,0.005403,0.001202,0.002894,0.000599,0.000554,0.001525
atlanta_online,63,0.875455,0.597116,0.915104,0.961521,0,0.642576,0.012101,0.002758,0.032593,0.001071,0.005192,0.001046,0.002544,0.000635,0.000541,0.001133
sanantotopnews,48,0.875320,0.545252,0.928674,0.953830,0,0.590805,0.014301,0.002639,0.016004,0.001034,0.005345,0.001066,0.002666,0.000620,0.000536,0.001166
reachitdoit,1,0.875319,0.530998,0.931808,0.955322,0,0.452150,0.010179,0.002270,0.011410,0.000840,0.003304,0.000904,0.002171,0.000528,0.000453,0.001032
danny_turner_1,1,0.875195,0.682855,0.868562,0.982819,1,0.103974,0.790394,0.001704,0.004741,0.000663,0.002376,0.001204,0.002722,0.000377,0.000470,0.001379
giselleevns,94,0.875135,0.518969,0.934576,0.958799,0,0.621623,0.016112,0.002908,0.010912,0.000930,0.004043,0.001651,0.002729,0.000640,0.000699,0.002893
cannonsher,47,0.874976,0.559927,0.925565,0.953125,0,0.614621,0.015844,0.002578,0.018301,0.000923,0.005250,0.001156,0.002852,0.000595,0.000538,0.001392
chesplayschess,13,0.874661,0.582466,0.920378,0.956148,0,0.644219,0.015196,0.002973,0.025037,0.001040,0.004939,0.001168,0.002741,0.000646,0.000612,0.001378
jaydaastonishin,51,0.874346,0.576227,0.922227,0.952217,0,0.684928,0.018483,0.002896,0.022273,0.001028,0.005963,0.001257,0.003131,0.000659,0.000603,0.001466
valeyina_dm,12,0.874146,0.611534,0.913195,0.958284,0,0.522927,0.011254,0.002399,0.025820,0.000837,0.004335,0.000881,0.002169,0.000509,0.000454,0.001050
nojonathonno,56,0.873912,0.583270,0.921037,0.953254,0,0.481771,0.012264,0.002158,0.016852,0.000766,0.004142,0.000911,0.002202,0.000491,0.000443,0.001074
onemightyfish,54,0.873884,0.586842,0.920105,0.952443,0,0.647463,0.017365,0.002796,0.022756,0.000984,0.005530,0.001205,0.002920,0.000630,0.000583,0.001452
chicagodailynew,105,0.873853,0.577633,0.922377,0.951080,0,0.577516,0.017971,0.002504,0.015665,0.000952,0.005554,0.001045,0.002646,0.000573,0.000512,0.001179
dallastopnews,24,0.873705,0.595117,0.918370,0.952562,0,0.605983,0.022561,0.002564,0.015886,0.000963,0.005761,0.001076,0.002726,0.000592,0.000528,0.001206
bydrbre_,1,0.873550,0.685371,0.877374,0.977150,4,0.022015,0.001403,0.000909,0.001087,0.193588,0.000410,0.000212,0.000418,0.000221,0.000182,0.000200
damanimiles,13,0.873540,0.594685,0.918597,0.953349,0,0.599430,0.015240,0.002696,0.022677,0.000967,0.005239,0.001104,0.002716,0.000605,0.000553,0.001322
bogdankravcov,13,0.873481,0.616375,0.912746,0.956962,0,0.423724,0.009551,0.001963,0.020526,0.000691,0.003493,0.000757,0.001829,0.000430,0.000382,0.000884
politweecs,101,0.873450,0.594996,0.918648,0.953309,0,0.548290,0.013816,0.002512,0.020687,0.000916,0.004902,0.001011,0.002433,0.000557,0.000505,0.001215
liljordamn,42,0.873410,0.572419,0.923996,0.950385,0,0.630764,0.018014,0.002742,0.017074,0.000985,0.005820,0.001296,0.003149,0.000641,0.000584,0.001580
imaswerve,9,0.873192,0.571625,0.923768,0.946906,0,0.546149,0.010679,0.002095,0.013084,0.000753,0.013680,0.000842,0.002074,0.000458,0.000407,0.000998
nehemiahx,11,0.873075,0.586934,0.920854,0.950508,0,0.556986,0.015400,0.002485,0.017937,0.000887,0.004916,0.001098,0.002770,0.000573,0.000511,0.001296
rogovilia,4,0.873074,0.692110,0.884654,0.967651,0,0.677624,0.011560,0.002628,0.063574,0.000905,0.004377,0.000938,0.002253,0.000548,0.000494,0.001076
leecory,1,0.873021,0.601380,0.917567,0.953549,0,0.688969,0.016777,0.003328,0.027018,0.001155,0.006225,0.001271,0.003162,0.000732,0.000624,0.001605
kathiemrr,122,0.872966,0.537657,0.932315,0.951710,0,0.631842,0.013144,0.002602,0.009264,0.000823,0.003613,0.001587,0.002435,0.000571,0.000654,0.011177
jery_robertsyo,53,0.872961,0.594203,0.918688,0.948019,0,0.570915,0.018227,0.002409,0.018112,0.000855,0.004981,0.001054,0.002587,0.000548,0.000501,0.001256
stlouisonline,76,0.872953,0.584898,0.921263,0.948098,0,0.554030,0.010057,0.002220,0.013265,0.000856,0.016138,0.000854,0.002070,0.000515,0.000436,0.000940
patriot_archive,2,0.872914,0.587436,0.921038,0.950732,0,0.543616,0.014377,0.002446,0.017526,0.000944,0.005319,0.001036,0.002664,0.000578,0.000505,0.001210
luke_jones13,45,0.872877,0.625910,0.909758,0.946933,0,0.511213,0.020890,0.001926,0.019010,0.000690,0.003681,0.000792,0.001957,0.000423,0.000400,0.000940
blmsoldier,39,0.872694,0.601971,0.917547,0.950394,0,0.556931,0.015694,0.002484,0.019937,0.000877,0.005043,0.001056,0.002615,0.000562,0.000508,0.001269
randolphburrr,48,0.872675,0.584436,0.921776,0.949535,0,0.581203,0.016240,0.002610,0.017503,0.000922,0.005270,0.001206,0.002896,0.000599,0.000550,0.001526
bigboyjasiah,40,0.872641,0.597019,0.918938,0.951000,0,0.643311,0.017218,0.002958,0.022445,0.001063,0.005884,0.001267,0.003140,0.000676,0.000605,0.001492
meggieoneil,6,0.872609,0.560398,0.927297,0.951232,0,0.619424,0.015989,0.002978,0.015459,0.000991,0.004895,0.001532,0.003040,0.000676,0.000655,0.002351
claudia42kern,23,0.872479,0.693228,0.888612,0.962403,0,0.541746,0.007328,0.001562,0.008795,0.000540,0.002535,0.000663,0.044987,0.000356,0.000308,0.000834
fishalexanderr,12,0.872475,0.713780,0.865514,0.978337,2,0.083254,0.004939,0.638677,0.004351,0.001214,0.001481,0.000745,0.001255,0.000630,0.000572,0.000798
mr_clampin,113,0.872471,0.534749,0.933432,0.955070,0,0.601224,0.013937,0.002795,0.009365,0.000878,0.003768,0.001713,0.005898,0.000612,0.000710,0.003200
ravenicholson,54,0.872395,0.596623,0.919187,0.950396,0,0.587624,0.016079,0.002725,0.019952,0.000964,0.005238,0.001201,0.002863,0.000623,0.000572,0.001447
cornellburchet,27,0.872363,0.606057,0.917122,0.950226,0,0.555090,0.020036,0.002309,0.015095,0.000821,0.005529,0.001121,0.002799,0.000530,0.000498,0.001425
karenparker93,12,0.872340,0.605537,0.916938,0.952601,0,0.597791,0.015481,0.002915,0.023250,0.001023,0.004689,0.001223,0.002785,0.000638,0.000635,0.001513
todaycincinnati,72,0.872283,0.627959,0.911137,0.951186,0,0.598196,0.026294,0.002675,0.017230,0.001022,0.005287,0.001027,0.002536,0.000609,0.000524,0.001139
camosaseko,53,0.872234,0.615185,0.914239,0.948450,0,0.620934,0.023236,0.002711,0.019726,0.000966,0.005209,0.001137,0.002763,0.000616,0.000557,0.001327
williams8kalvin,3,0.872175,0.608700,0.916520,0.951977,0,0.683559,0.017565,0.003392,0.026445,0.001196,0.006152,0.001338,0.003143,0.000768,0.000673,0.001589
_sashalapin,10,0.872095,0.634860,0.909692,0.952754,0,0.626401,0.016591,0.002698,0.029652,0.000928,0.005589,0.001167,0.002942,0.000588,0.000547,0.001484
maymaymyy,11,0.871824,0.594955,0.920023,0.947892,0,0.349271,0.007470,0.001335,0.006902,0.000495,0.010580,0.000622,0.001550,0.000293,0.000268,0.000846
antonhayhay,38,0.871750,0.598300,0.919385,0.949269,0,0.529718,0.014659,0.002513,0.017218,0.000892,0.004855,0.001129,0.002652,0.000579,0.000526,0.001425
missourinewsus,28,0.871737,0.614307,0.915540,0.952540,0,0.507142,0.012500,0.002658,0.020495,0.000966,0.004520,0.001004,0.002381,0.000591,0.000530,0.001141
redlanews,51,0.871727,0.631910,0.910826,0.952476,0,0.551876,0.014507,0.002613,0.025236,0.000937,0.004822,0.001035,0.002552,0.000573,0.000538,0.001218
lukas_rosler,6,0.871714,0.724784,0.862463,0.977910,2,0.084999,0.005037,0.634997,0.004438,0.001210,0.001514,0.000760,0.001278,0.000636,0.000574,0.000817
staywoke88,49,0.871550,0.626472,0.912571,0.950960,0,0.583351,0.015907,0.002699,0.024539,0.000950,0.005291,0.001153,0.002775,0.000608,0.000558,0.001409
finley1589,67,0.871510,0.624746,0.912975,0.951639,0,0.589642,0.015689,0.002918,0.024971,0.001023,0.005043,0.001171,0.002751,0.000642,0.000613,0.001383
drmichaelgarcia,53,0.871487,0.617855,0.914115,0.945857,0,0.641929,0.022290,0.002813,0.021753,0.000994,0.005668,0.001212,0.002918,0.000641,0.000590,0.001432
beckster319,41,0.871476,0.595721,0.920250,0.949108,0,0.512836,0.013984,0.002515,0.016082,0.000885,0.004697,0.001137,0.002586,0.000578,0.000529,0.001450
travisrespek,42,0.871359,0.623485,0.913603,0.949480,0,0.582565,0.016488,0.002663,0.022877,0.000949,0.005466,0.001166,0.002939,0.000602,0.000547,0.001393
hunteroddddom,34,0.871203,0.605627,0.917894,0.946693,0,0.556608,0.016972,0.002514,0.017464,0.000889,0.005248,0.001196,0.002892,0.000582,0.000539,0.001494
sonderkatharina,1,0.870969,0.735381,0.859521,0.977479,2,0.088544,0.005242,0.645196,0.004629,0.001242,0.001580,0.000790,0.001329,0.000655,0.000590,0.000850
rosieonfleek,30,0.870943,0.629221,0.912518,0.950274,0,0.482678,0.013239,0.002228,0.019971,0.000795,0.004290,0.001033,0.002395,0.000518,0.000465,0.001340
notritahart,122,0.870879,0.558797,0.929263,0.949109,0,0.601708,0.012851,0.002509,0.008994,0.000794,0.003551,0.001538,0.003311,0.000550,0.000630,0.011077
peeonhillary,1,0.870779,0.618466,0.915309,0.947238,0,0.321381,0.009604,0.001481,0.011211,0.000539,0.003080,0.000662,0.001645,0.000351,0.000313,0.000852
alexsvladimirov,8,0.870774,0.665445,0.902438,0.953923,0,0.579048,0.014466,0.002740,0.033035,0.000945,0.005308,0.001049,0.002713,0.000573,0.000529,0.001242
imissobama,58,0.870725,0.617781,0.915308,0.946029,0,0.568495,0.017913,0.002644,0.019081,0.000935,0.005418,0.001178,0.002838,0.000609,0.000551,0.001436
jani_s_jac,58,0.870673,0.626366,0.913387,0.946890,0,0.548654,0.016834,0.002559,0.020124,0.000905,0.005367,0.001103,0.002699,0.000578,0.000533,0.001325
imapharrelfake,49,0.870636,0.687654,0.895644,0.953463,0,0.542878,0.035046,0.002102,0.015243,0.000735,0.004673,0.000967,0.002324,0.000479,0.000444,0.001241
instotus,3,0.870570,0.634953,0.911397,0.950668,0,0.626968,0.016842,0.003064,0.027016,0.001076,0.005201,0.001323,0.003431,0.000661,0.000638,0.001699
robbydelaware,23,0.870532,0.670366,0.900991,0.954986,0,0.556269,0.013396,0.002677,0.033337,0.000956,0.004838,0.001044,0.002546,0.000590,0.000530,0.001215
romanagafonovv,10,0.870436,0.615911,0.916418,0.948822,0,0.349495,0.009505,0.001815,0.012358,0.000637,0.003259,0.000778,0.001740,0.000417,0.000371,0.000996
policestateme,2,0.870252,0.643354,0.909673,0.948137,0,0.342790,0.010019,0.001612,0.014494,0.000569,0.003430,0.000675,0.001735,0.000360,0.000325,0.000818
youjustctrlc,36,0.870250,0.617763,0.915991,0.946275,0,0.531323,0.015908,0.002541,0.017566,0.000914,0.005223,0.001169,0.002844,0.000588,0.000535,0.001441
lgbtuni,2,0.870226,0.623240,0.914871,0.950392,0,0.366889,0.009256,0.002081,0.014245,0.000755,0.003398,0.000784,0.001853,0.000467,0.000412,0.000889
4ever1937,4,0.870214,0.647922,0.908446,0.951861,0,0.494446,0.012227,0.002679,0.023629,0.000925,0.004786,0.000987,0.002384,0.000573,0.000499,0.001143
tebepizdec,1,0.870170,0.644540,0.909500,0.950057,0,0.195754,0.005183,0.000976,0.008729,0.000363,0.002009,0.000377,0.000965,0.000215,0.000194,0.000467
mrmoraan,38,0.869882,0.628332,0.914095,0.945424,0,0.492347,0.013771,0.002272,0.016874,0.000812,0.006938,0.000981,0.002461,0.000512,0.000464,0.001184
paolakinck,25,0.869865,0.635137,0.912160,0.949708,0,0.670673,0.017794,0.003348,0.027608,0.001178,0.006280,0.001886,0.003301,0.000733,0.000718,0.001739
gallowayeliana,12,0.869822,0.617365,0.916428,0.944614,0,0.486381,0.014959,0.002238,0.014957,0.000819,0.005168,0.001089,0.002667,0.000523,0.000476,0.001460
ryanncooperwood,1,0.869763,0.662885,0.904744,0.951075,0,0.268821,0.007149,0.001354,0.013766,0.000483,0.002523,0.000516,0.001287,0.000293,0.000269,0.000664
maksblaginin,5,0.869699,0.649221,0.908671,0.949417,0,0.707357,0.019420,0.003664,0.031718,0.001280,0.006740,0.001477,0.003517,0.000821,0.000730,0.001728
ogdeandre,52,0.869698,0.648126,0.908447,0.943935,0,0.597653,0.023347,0.002665,0.020819,0.000947,0.005784,0.001170,0.002957,0.000606,0.000553,0.001385
zzzacharyzzz,31,0.869608,0.726594,0.882658,0.958038,0,0.557843,0.013657,0.002157,0.047640,0.000777,0.004568,0.000938,0.002382,0.000493,0.000441,0.001106
queenofthewo,112,0.869534,0.577805,0.926098,0.947272,0,0.625115,0.014293,0.002873,0.009794,0.000906,0.003913,0.001774,0.002680,0.000633,0.000721,0.012296
cookiiieeessss,12,0.869366,0.624150,0.915210,0.944119,0,0.418252,0.013212,0.001968,0.013020,0.000712,0.004383,0.000970,0.002424,0.000467,0.000415,0.001178
realten_gop,61,0.869189,0.661845,0.905840,0.947847,0,0.571815,0.016893,0.002767,0.026517,0.000996,0.005505,0.001182,0.003001,0.000621,0.000577,0.001381
eliasbrick,39,0.869141,0.630897,0.913854,0.945191,0,0.606242,0.018321,0.003046,0.020788,0.001084,0.006138,0.001385,0.003327,0.000702,0.000639,0.001718
pati_cooper,10,0.869076,0.662846,0.905610,0.948967,0,0.546603,0.015459,0.002853,0.026169,0.001006,0.005088,0.001125,0.002705,0.000628,0.000585,0.001355
melvinsroberts,92,0.869074,0.587549,0.924191,0.945150,0,0.621381,0.014092,0.002826,0.009697,0.000888,0.003881,0.001692,0.002621,0.000619,0.000710,0.013945
realrobert1987,9,0.869021,0.653455,0.908237,0.948419,0,0.650136,0.018309,0.003529,0.028763,0.001253,0.006064,0.001384,0.003224,0.000790,0.000727,0.001642
traceyhappymom,88,0.868891,0.592549,0.923273,0.945074,0,0.620254,0.014195,0.002821,0.009435,0.000885,0.003867,0.001741,0.002621,0.000618,0.000717,0.014646
janelperkinson,10,0.868868,0.651982,0.908810,0.943989,0,0.550180,0.021297,0.002524,0.017783,0.000934,0.006018,0.001159,0.003018,0.000584,0.000537,0.001352
jeblary2016,54,0.868861,0.654610,0.907689,0.944249,0,0.585882,0.019872,0.002802,0.023598,0.000969,0.005336,0.001246,0.002885,0.000612,0.000588,0.001678
darrell_h_hunt,1,0.868809,0.667758,0.904516,0.948818,0,0.821266,0.023459,0.004347,0.040224,0.001557,0.007584,0.001686,0.003950,0.000962,0.000913,0.002013
gwennythot,39,0.868788,0.651109,0.908957,0.943813,0,0.534834,0.020509,0.002520,0.017619,0.000898,0.005562,0.001150,0.002798,0.000586,0.000532,0.001396
cassieweltch,163,0.868730,0.589158,0.924348,0.947651,0,0.631114,0.015910,0.002986,0.011680,0.000941,0.004366,0.001856,0.002843,0.000655,0.000754,0.009662
internalmemer,35,0.868623,0.639157,0.912122,0.943137,0,0.622338,0.021161,0.003072,0.020173,0.001112,0.006599,0.001392,0.003459,0.000727,0.000648,0.001617
stanley_cox_,15,0.868589,0.728141,0.885016,0.949508,0,0.576830,0.042034,0.002223,0.020343,0.000783,0.003977,0.001006,0.002349,0.000490,0.000470,0.001269
todaynycity,45,0.868561,0.673195,0.903888,0.947673,0,0.623912,0.030223,0.002902,0.016499,0.001104,0.008571,0.001236,0.003140,0.000666,0.000594,0.001406
donnabrivera,65,0.868389,0.673152,0.902472,0.941515,0,0.510122,0.022069,0.002391,0.020032,0.000844,0.004306,0.000981,0.002307,0.000535,0.000495,0.001168
acejinev,40,0.868371,0.649053,0.909689,0.941850,0,0.540254,0.019100,0.002585,0.018675,0.000923,0.005713,0.001166,0.002916,0.000592,0.000542,0.001422
screamymonkey,105,0.868359,0.653397,0.908572,0.941710,0,0.601744,0.013576,0.002596,0.021948,0.000950,0.015841,0.000987,0.002469,0.000551,0.000502,0.001133
prettylaraplace,74,0.868089,0.666827,0.905712,0.946983,0,0.553965,0.016222,0.002995,0.025243,0.001046,0.005290,0.001222,0.002903,0.000660,0.000621,0.001466
srahse,1,0.868076,0.682727,0.901416,0.946135,0,0.387135,0.012079,0.001882,0.019206,0.000663,0.003944,0.000786,0.002003,0.000415,0.000389,0.000972
siccerthanyou,31,0.867826,0.647777,0.910788,0.942689,0,0.520211,0.016815,0.002676,0.018221,0.000972,0.005456,0.001209,0.002987,0.000626,0.000563,0.001429
alecmooooody,55,0.867808,0.662304,0.907212,0.944343,0,0.557997,0.017562,0.002917,0.022838,0.001028,0.005682,0.001250,0.003043,0.000659,0.000607,0.001485
chaneutral,2,0.867673,0.633338,0.914965,0.945244,0,0.860956,0.028492,0.004808,0.022842,0.001861,0.009708,0.002163,0.005667,0.001142,0.001010,0.002323
mrclydepratt,123,0.867637,0.626980,0.916292,0.947813,0,0.601477,0.020691,0.003410,0.014853,0.001146,0.005521,0.001793,0.003437,0.000766,0.000846,0.002485
sindyblossom,1,0.867622,0.705829,0.894853,0.951086,0,0.388801,0.009994,0.002195,0.024432,0.000732,0.003920,0.000764,0.001877,0.000443,0.000398,0.000929
cliftonhughes_,12,0.867334,0.648962,0.910927,0.941400,0,0.428497,0.014334,0.002188,0.014099,0.000811,0.004620,0.001024,0.002658,0.000518,0.000466,0.001181
zubovnik,1,0.867158,0.689070,0.900611,0.950025,0,0.801637,0.019615,0.005092,0.043984,0.001714,0.008212,0.001738,0.004206,0.001028,0.000910,0.001967
muslims_in_usa,9,0.867140,0.801948,0.846216,0.969415,0,0.754363,0.013256,0.002774,0.109827,0.000940,0.004439,0.001013,0.002557,0.000550,0.000543,0.001194
toneporter,21,0.867046,0.766564,0.871934,0.957369,0,0.515301,0.008992,0.001750,0.009352,0.000606,0.050491,0.000820,0.001787,0.000406,0.000366,0.001117
lagonehoe,36,0.866985,0.668565,0.906452,0.941695,0,0.509300,0.016900,0.002587,0.019802,0.000907,0.005753,0.001167,0.002851,0.000588,0.000541,0.001465
ramonasnails,50,0.866984,0.687000,0.901578,0.943481,0,0.548044,0.025472,0.002680,0.017977,0.000970,0.005783,0.001221,0.003090,0.000619,0.000566,0.001450
tpartynews,298,0.866943,0.687562,0.901072,0.947030,0,0.549395,0.016184,0.002597,0.028021,0.000930,0.004846,0.002770,0.002607,0.000556,0.000542,0.001264
patriototus,64,0.866881,0.701036,0.897492,0.944051,0,0.482121,0.016327,0.002412,0.025011,0.000848,0.004696,0.000993,0.002526,0.000516,0.000498,0.001239
t0nyasinclair,1,0.866815,0.599453,0.923069,0.950718,0,0.677256,0.020286,0.004077,0.012017,0.001268,0.005435,0.002605,0.003816,0.000892,0.001041,0.005009
pamblmdaniels,53,0.866806,0.676207,0.904657,0.942835,0,0.529296,0.017177,0.002790,0.022337,0.000994,0.005618,0.001214,0.003008,0.000637,0.000578,0.001429
taraformation,8,0.866761,0.656979,0.909655,0.941791,0,0.359482,0.011405,0.001953,0.012700,0.000715,0.004052,0.000863,0.002125,0.000454,0.000403,0.001033
chadsloyer,53,0.866703,0.721306,0.889962,0.938666,0,0.601885,0.032938,0.002528,0.027254,0.000893,0.004724,0.001088,0.002561,0.000574,0.000522,0.001337
kenzdonovan,58,0.866668,0.690069,0.900118,0.940146,0,0.587256,0.022799,0.003020,0.026115,0.001059,0.005303,0.001225,0.002899,0.000665,0.000630,0.001449
erofeenkoanton,10,0.866635,0.693952,0.900055,0.945475,0,0.411579,0.012434,0.002261,0.020770,0.000789,0.004289,0.000902,0.002238,0.000492,0.000454,0.001074
yattvrussia,1,0.866224,0.700198,0.898645,0.948829,0,0.700218,0.017584,0.004563,0.039103,0.001538,0.007357,0.001559,0.003770,0.000923,0.000816,0.001763
usa_gunslinger,71,0.866116,0.714242,0.894399,0.943632,0,0.591537,0.020579,0.003095,0.032562,0.001105,0.005487,0.001235,0.003001,0.000670,0.000648,0.001461
datwisenigga,173,0.866015,0.635474,0.915753,0.946005,0,0.586002,0.019359,0.003524,0.014085,0.001169,0.006076,0.001885,0.003481,0.000782,0.000894,0.002656
gvardeykalena,10,0.866001,0.662610,0.909106,0.943548,0,0.413419,0.011991,0.002543,0.015663,0.000911,0.004279,0.001032,0.002562,0.000560,0.000504,0.001292
brianaregland,105,0.865239,0.670369,0.907490,0.940400,0,0.564007,0.020454,0.003192,0.018635,0.001088,0.005784,0.001553,0.003266,0.000713,0.000742,0.002068
javonhidp,60,0.865111,0.694098,0.901271,0.937727,0,0.554947,0.022447,0.002912,0.020885,0.001050,0.006194,0.001294,0.003205,0.000673,0.000615,0.001515
kristyanann,1,0.865067,0.621763,0.919410,0.948517,0,0.836563,0.026484,0.004989,0.015321,0.001565,0.007274,0.003402,0.004959,0.001108,0.001269,0.006956
margarethkurz,91,0.865047,0.811695,0.838342,0.973942,2,0.087484,0.005192,0.540865,0.004565,0.001284,0.001555,0.000784,0.001320,0.000666,0.000605,0.000840
arkadii_trofim,5,0.864748,0.755298,0.882986,0.949907,0,0.406376,0.010788,0.002342,0.030799,0.000815,0.004229,0.000855,0.002083,0.000497,0.000437,0.001008
worldnewspoli,21,0.864480,0.700572,0.900651,0.942760,0,0.493922,0.015182,0.003127,0.023093,0.001134,0.005080,0.001222,0.002871,0.000692,0.000662,0.001422
inst_vets,4,0.864400,0.727256,0.893127,0.945372,0,0.569474,0.016658,0.003301,0.033312,0.001173,0.005687,0.001378,0.003543,0.000712,0.000662,0.001717
ttsvetkov,4,0.864366,0.706471,0.899622,0.945691,0,0.482927,0.011785,0.002511,0.024730,0.005313,0.004290,0.000928,0.002198,0.000555,0.000489,0.001087
austinlovesbeer,7,0.864237,0.726270,0.893174,0.945395,0,0.640732,0.019372,0.003454,0.037462,0.001141,0.005699,0.001745,0.003395,0.000741,0.000792,0.002833
southlonestar,90,0.864186,0.769418,0.879692,0.945589,0,0.526239,0.017424,0.002635,0.039420,0.000940,0.005369,0.001071,0.002699,0.000572,0.000548,0.001291
romangorolov,7,0.864149,0.821447,0.853575,0.958671,0,0.472477,0.011522,0.002032,0.058173,0.000715,0.003812,0.000836,0.002144,0.000444,0.000409,0.000962
fightm_d_b,10,0.864111,0.869507,0.820832,0.966054,0,0.581107,0.012437,0.001087,0.007119,0.000387,0.102809,0.000533,0.001346,0.000255,0.000238,0.000630
thefoundingson,244,0.863895,0.782898,0.874440,0.949120,0,0.580563,0.017481,0.003008,0.049582,0.001052,0.005386,0.001204,0.002902,0.000639,0.000636,0.001472
rightnpr,74,0.863831,0.776392,0.877757,0.945774,0,0.456009,0.015085,0.002293,0.035336,0.000826,0.004566,0.000942,0.002358,0.000509,0.000472,0.001120
notballinyet,7,0.863711,0.717274,0.897072,0.939831,0,0.433304,0.014661,0.002446,0.020654,0.000867,0.004855,0.001099,0.002672,0.000561,0.000503,0.001400
daileyjadon,88,0.863600,0.639113,0.916597,0.937652,0,0.634244,0.014278,0.007076,0.011146,0.000927,0.003924,0.001739,0.002684,0.000638,0.000729,0.014569
pamela_moore13,135,0.863475,0.751207,0.886919,0.942822,0,0.604313,0.020443,0.003421,0.038090,0.001222,0.005981,0.001396,0.003356,0.000748,0.000733,0.001660
puredavie,122,0.863457,0.678408,0.907687,0.936922,0,0.590463,0.016525,0.002782,0.010949,0.000886,0.004000,0.001643,0.019018,0.000610,0.000697,0.002941
lynsrodriguez,7,0.863453,0.683312,0.906054,0.939717,0,0.445845,0.014087,0.002736,0.016564,0.000926,0.004604,0.001313,0.002700,0.000617,0.000571,0.002109
patriotka_rusi,5,0.863249,0.686353,0.905560,0.936681,0,0.468448,0.016099,0.002737,0.015755,0.000948,0.005876,0.001331,0.003104,0.000620,0.000576,0.001810
stepansazono,5,0.863203,0.767803,0.881470,0.948069,0,0.472929,0.012694,0.003013,0.035732,0.001055,0.005124,0.001044,0.002553,0.000617,0.000560,0.001202
arturburanof,5,0.863165,0.846209,0.837284,0.965432,0,0.732248,0.013698,0.003385,0.112072,0.001139,0.005354,0.001162,0.002851,0.000676,0.000612,0.001356
corynaenae,10,0.863152,0.708162,0.900443,0.938743,0,0.398105,0.016933,0.002289,0.012751,0.000841,0.005051,0.001083,0.002811,0.000547,0.000485,0.001226
ponomarevslav,16,0.863041,0.823082,0.856734,0.956404,0,0.464764,0.011258,0.002403,0.054070,0.000811,0.004115,0.000885,0.002175,0.000487,0.000455,0.001060
archieolivers,9,0.862268,0.745243,0.890032,0.936996,0,0.418818,0.022100,0.002461,0.016534,0.000879,0.003931,0.001061,0.002416,0.000533,0.000511,0.001320
aldrich420,13,0.861706,0.789680,0.878507,0.940124,0,0.679648,0.013466,0.002641,0.019941,0.000925,0.004276,0.047669,0.002446,0.000594,0.000571,0.001463
paulinett,246,0.861572,0.736350,0.893723,0.933566,0,0.608934,0.024295,0.003505,0.027147,0.001189,0.007348,0.001615,0.003686,0.000768,0.000793,0.002067
johnieboycooks,10,0.861481,0.730290,0.895918,0.933793,0,0.293326,0.012400,0.001687,0.010961,0.000624,0.003947,0.000773,0.001980,0.000387,0.000355,0.000963
cynthiamhunter,68,0.861440,0.796109,0.874922,0.937058,0,0.559666,0.039747,0.002968,0.024227,0.001043,0.005233,0.001213,0.002880,0.000652,0.000623,0.001424
kelvin_chambers,9,0.861391,0.897297,0.809116,0.966446,0,0.621134,0.120778,0.001786,0.015985,0.000622,0.003110,0.000758,0.001750,0.000389,0.000373,0.000984
hyddrox,148,0.861200,0.731924,0.895790,0.939774,0,0.781731,0.023932,0.004493,0.038384,0.001557,0.007155,0.007157,0.004122,0.000969,0.000986,0.002186
happkendrahappy,63,0.861152,0.734409,0.895540,0.933608,0,0.566290,0.020368,0.002818,0.024072,0.000987,0.004924,0.007566,0.002717,0.000623,0.000590,0.001389
heyitsglor,1,0.861117,0.777833,0.882967,0.937027,0,0.738677,0.026912,0.004153,0.045226,0.001438,0.009779,0.001699,0.004930,0.000866,0.000811,0.002094
adamchapmanjr,9,0.861043,0.760145,0.887972,0.937897,0,0.470482,0.016609,0.002881,0.026452,0.001001,0.005347,0.001258,0.003043,0.000637,0.000603,0.001526
sovetnikstatski,15,0.860972,0.692145,0.906520,0.934948,0,0.418086,0.010387,0.002184,0.013111,0.008602,0.003810,0.000893,0.002081,0.000482,0.000435,0.001127
jasper_fly,93,0.860929,0.665439,0.912536,0.934737,0,0.600741,0.014615,0.002882,0.010018,0.000909,0.003987,0.001774,0.007940,0.000631,0.000725,0.014097
kateritterrrr,68,0.860834,0.811728,0.870425,0.937285,0,0.597115,0.045866,0.003133,0.026076,0.001099,0.005490,0.001290,0.003067,0.000690,0.000656,0.001522
queennarielle,12,0.860771,0.894895,0.823710,0.959221,0,0.525043,0.008950,0.001479,0.011318,0.000526,0.086376,0.000654,0.001634,0.000339,0.000302,0.000789
dannymaslov,1,0.860598,0.752879,0.890674,0.934008,0,0.165230,0.006303,0.000988,0.008039,0.000321,0.002051,0.000440,0.001091,0.000213,0.000200,0.000635
kimberleighlamb,1,0.860350,0.716987,0.900508,0.932674,0,0.019545,0.000698,0.000126,0.000697,0.000043,0.000251,0.000058,0.000154,0.000029,0.000024,0.000080
nataturn,12,0.860240,0.756371,0.889795,0.934139,0,0.419998,0.016259,0.002652,0.020931,0.000908,0.004913,0.001145,0.002590,0.000575,0.000591,0.001454
johnievogue,10,0.860208,0.735810,0.895666,0.932933,0,0.615364,0.025604,0.003218,0.017069,0.001177,0.015792,0.001580,0.003701,0.000740,0.000692,0.002109
wildharee,1,0.860050,0.688302,0.908022,0.941599,0,0.158043,0.005844,0.000993,0.003425,0.000313,0.001694,0.000703,0.001062,0.000223,0.000247,0.001503
ameliebaldwin,109,0.860040,0.741104,0.894502,0.938090,0,0.803200,0.025385,0.004803,0.039138,0.001682,0.007584,0.007217,0.004455,0.001047,0.001059,0.002359
cassishere,38,0.860014,0.741274,0.895088,0.933776,0,0.654186,0.018031,0.003207,0.028275,0.001129,0.005199,0.014799,0.003041,0.000702,0.000688,0.001605
willisbonnerr,134,0.859984,0.713785,0.901740,0.939149,0,0.583043,0.024187,0.004002,0.016453,0.001319,0.006417,0.002168,0.003997,0.000885,0.001031,0.003072
regieblackmon,49,0.859772,0.766048,0.886720,0.927210,0,0.558934,0.016778,0.002491,0.019578,0.000886,0.025522,0.001086,0.002666,0.000566,0.000520,0.001312
williams_diana_,1,0.859759,0.814162,0.872539,0.937872,0,0.648093,0.024717,0.003601,0.048527,0.001282,0.007651,0.001493,0.003936,0.000764,0.000769,0.001933
angelabach991,22,0.859576,0.879181,0.818099,0.970700,2,0.105141,0.006237,0.563668,0.005502,0.001533,0.001872,0.000939,0.001585,0.000793,0.000722,0.001006
todaypittsburgh,66,0.859387,0.816476,0.872678,0.935144,0,0.493046,0.015595,0.002220,0.012473,0.000827,0.035292,0.000990,0.002374,0.000509,0.000474,0.001179
patriotblake,191,0.859385,0.755119,0.891421,0.936526,0,0.719969,0.023931,0.004230,0.036429,0.001457,0.006898,0.006955,0.003896,0.000910,0.000923,0.002066
iiddaamarks,48,0.858976,0.774753,0.885446,0.928599,0,0.537110,0.016350,0.002567,0.017137,0.000927,0.026176,0.001121,0.002790,0.000595,0.000534,0.001292
milwaukeevoice,1,0.858399,0.781764,0.884796,0.929182,0,0.661307,0.028169,0.003953,0.033175,0.001308,0.009060,0.001812,0.004464,0.000856,0.000841,0.002468
carriethornthon,71,0.857949,0.835822,0.865579,0.925368,0,0.543857,0.031388,0.002811,0.037566,0.000987,0.005197,0.001157,0.002763,0.000626,0.000582,0.001382
lysikvinkova,3,0.857627,0.824829,0.872206,0.938585,0,0.420797,0.014075,0.002859,0.032025,0.000967,0.005195,0.001165,0.002775,0.000609,0.000552,0.001433
baltimore0nline,105,0.857602,0.842958,0.866248,0.940887,0,0.557442,0.048031,0.002850,0.015809,0.001055,0.008243,0.001406,0.005610,0.000657,0.000629,0.001780
ten_gop,215,0.857519,0.845357,0.864675,0.936425,0,0.637001,0.025882,0.003939,0.052858,0.001398,0.006671,0.001583,0.003795,0.000848,0.000846,0.001872
tessyelmore,10,0.857425,0.933277,0.809431,0.960396,0,0.664782,0.123987,0.002218,0.015146,0.000764,0.007800,0.001154,0.002872,0.000499,0.000502,0.001572
roscoe_riddle,1,0.857361,0.764445,0.890802,0.932124,0,0.033760,0.001238,0.000262,0.001566,0.000094,0.000390,0.000103,0.000249,0.000059,0.000053,0.000124
taisiaavdeeva,19,0.857341,0.807357,0.879569,0.929340,0,0.554432,0.013613,0.002437,0.031373,0.018305,0.004636,0.000966,0.002444,0.000526,0.000483,0.001131
jacquelinisbest,178,0.857188,0.798258,0.880032,0.927223,0,0.681810,0.032841,0.003828,0.036562,0.001312,0.006374,0.004851,0.003600,0.000823,0.000822,0.001933
iris0_o,1,0.857169,0.863112,0.857882,0.943399,0,0.564650,0.016890,0.003991,0.056286,0.001330,0.007363,0.001327,0.003325,0.000773,0.000700,0.001556
dorothiebell,192,0.856633,0.822147,0.872166,0.923113,0,0.642306,0.036237,0.003713,0.037520,0.001268,0.006297,0.002117,0.003513,0.000795,0.000796,0.001888
itstimetosecede,31,0.856179,0.835388,0.870041,0.924228,0,0.590449,0.036773,0.003399,0.031144,0.001277,0.007145,0.001477,0.003807,0.000771,0.000716,0.001687
marissaimstrong,19,0.856065,0.904614,0.841136,0.944834,0,0.533618,0.065786,0.002423,0.018116,0.000847,0.005171,0.003558,0.002420,0.000542,0.000508,0.001411
j0hnlarsen,61,0.855777,0.913855,0.838898,0.938264,0,0.546761,0.064763,0.002898,0.024751,0.001018,0.005024,0.001169,0.002752,0.000641,0.000607,0.001376
wokefromday1,16,0.855705,0.875884,0.858333,0.932444,0,0.456811,0.039442,0.002367,0.019121,0.000862,0.006829,0.001179,0.003105,0.000548,0.000526,0.001417
leroylovesusa,203,0.855688,0.825025,0.872604,0.922277,0,0.654784,0.036661,0.003838,0.037274,0.001314,0.006431,0.002680,0.003684,0.000823,0.000840,0.002051
jadonhutchinson,51,0.855650,0.811594,0.879030,0.918331,0,0.495292,0.013184,0.002352,0.022144,0.000832,0.004447,0.000998,0.022005,0.000534,0.000481,0.001183
emileewaren,191,0.855278,0.850758,0.864751,0.922233,0,0.693618,0.046107,0.004081,0.040448,0.001403,0.006734,0.002045,0.003843,0.000878,0.000888,0.002057
sto_christi,1,0.854927,0.932530,0.801275,0.967995,2,0.108686,0.006452,0.522356,0.005636,0.001587,0.001927,0.000982,0.001640,0.000837,0.000754,0.001051
jamie_mccarthy_,36,0.854449,0.823983,0.878443,0.924207,0,0.536983,0.019868,0.003026,0.027975,0.001007,0.005963,0.001380,0.011924,0.000638,0.000666,0.001860
hollydler,76,0.854061,0.800944,0.884434,0.919822,0,0.566827,0.021868,0.002873,0.022680,0.001014,0.005677,0.014371,0.002888,0.000638,0.000606,0.001449
anthonywoodboy,9,0.854000,0.839563,0.872053,0.922096,0,0.597265,0.034274,0.003934,0.030468,0.001381,0.007854,0.001744,0.004052,0.000862,0.000875,0.002186
cookncooks,193,0.853635,0.842908,0.872036,0.925868,0,0.680137,0.030848,0.004098,0.041986,0.001401,0.006942,0.006863,0.003851,0.000879,0.000887,0.002052
alexharritonov,19,0.853592,0.908528,0.850643,0.931766,0,0.497611,0.010783,0.002237,0.018002,0.047456,0.003934,0.000881,0.002079,0.000497,0.000440,0.001063
westernwindwes,152,0.853188,0.832400,0.875421,0.921099,0,0.562348,0.029343,0.004063,0.027726,0.001044,0.005636,0.006051,0.003101,0.000659,0.000663,0.001742
gwen_garland,1,0.853056,0.785527,0.889925,0.932170,0,0.163672,0.007770,0.001128,0.004427,0.000361,0.002366,0.000758,0.001415,0.000249,0.000270,0.001502
mideastview,2,0.852793,0.914631,0.847696,0.933892,0,0.178864,0.007250,0.001246,0.018187,0.000397,0.002284,0.000477,0.001182,0.000241,0.000247,0.000625
errivvvvers,29,0.852773,0.897793,0.855583,0.924600,0,0.487265,0.014438,0.002517,0.019058,0.000888,0.039306,0.001075,0.002559,0.000574,0.000516,0.001316
adrgreerr,9,0.852681,0.993703,0.785531,0.958775,0,0.511688,0.010384,0.001506,0.008932,0.000529,0.003096,0.000748,0.112850,0.000355,0.000322,0.000982
baobaeham,177,0.852575,0.796832,0.886013,0.918845,0,0.603300,0.022356,0.003897,0.022116,0.001306,0.017667,0.001956,0.003867,0.000860,0.000953,0.002638
garrettsimpson_,220,0.852278,0.890048,0.856234,0.919133,0,0.636529,0.038538,0.003996,0.046759,0.001356,0.006642,0.002021,0.003793,0.000847,0.000858,0.002065
beverlybalsom,1,0.852237,0.947889,0.832297,0.938946,0,0.037077,0.001425,0.000240,0.004751,0.000079,0.000439,0.000092,0.000229,0.000047,0.000049,0.000120
michellearry,248,0.851981,0.864359,0.865543,0.917482,0,0.584074,0.034021,0.003335,0.035048,0.001128,0.005952,0.004574,0.003296,0.000716,0.000726,0.001936
charlesrespeck,6,0.851978,0.930473,0.843090,0.935933,0,0.446416,0.049161,0.002575,0.014883,0.000976,0.008253,0.001254,0.003346,0.000593,0.000550,0.001493
_nickluna_,241,0.851949,0.871271,0.864091,0.918822,0,0.601255,0.033678,0.003371,0.038083,0.001145,0.006080,0.005597,0.003328,0.000724,0.000726,0.001837
evagreen69,227,0.851729,0.879142,0.863253,0.918179,0,0.604889,0.032097,0.003333,0.038488,0.001128,0.007794,0.001856,0.007732,0.000713,0.000729,0.001951
lazykstafford,236,0.851727,0.859153,0.869802,0.920001,0,0.558601,0.027477,0.003064,0.032238,0.001029,0.005383,0.004058,0.007218,0.000655,0.000672,0.001820
laurabaeley,210,0.851095,0.876092,0.865131,0.919411,0,0.647151,0.033100,0.003776,0.040604,0.001281,0.008366,0.006387,0.003680,0.000814,0.000827,0.002052
pigeontoday,18,0.850962,0.993887,0.807169,0.945179,0,0.469019,0.017003,0.002419,0.080193,0.000856,0.005307,0.001077,0.002824,0.000533,0.000516,0.001321
melanymelanin,207,0.850889,0.884894,0.863359,0.924266,0,0.600986,0.042397,0.003431,0.026277,0.001176,0.007973,0.006455,0.003773,0.000753,0.000790,0.002090
wonderhann,5,0.850827,0.911829,0.852066,0.932137,0,0.403979,0.016015,0.003118,0.037963,0.001040,0.004698,0.001349,0.002842,0.000660,0.000695,0.001758
scottgohard,30,0.850625,0.919766,0.850291,0.932731,0,0.430107,0.041701,0.002683,0.015389,0.000926,0.006626,0.001506,0.003376,0.000614,0.000616,0.002290
jenn_abrams,187,0.850287,0.904172,0.857040,0.914990,0,0.500838,0.028458,0.002437,0.033865,0.000858,0.006218,0.001110,0.002726,0.000534,0.000521,0.006817
kotovamarys,15,0.850227,0.995139,0.817710,0.934617,0,0.470805,0.009752,0.001839,0.018445,0.067310,0.003425,0.000728,0.001843,0.000398,0.000361,0.000856
wadeharriot,71,0.849667,0.882775,0.866056,0.914726,0,0.530323,0.029803,0.002819,0.024086,0.000986,0.005063,0.013786,0.002791,0.000621,0.000593,0.001471
patriotraphael,190,0.849468,0.899894,0.857642,0.914917,0,0.563715,0.037646,0.003325,0.034022,0.001123,0.005826,0.004945,0.003345,0.000711,0.000719,0.001908
seattle_post,36,0.849140,0.844407,0.877150,0.917749,0,0.669571,0.019158,0.013027,0.018467,0.001185,0.006493,0.001379,0.030991,0.000716,0.000668,0.001694
krustyps,1,0.849029,0.805752,0.887875,0.928842,0,0.139450,0.006434,0.001222,0.003833,0.000389,0.001919,0.000734,0.001377,0.000281,0.000276,0.001145
evewebster373,81,0.849003,0.888430,0.863936,0.912907,0,0.586218,0.032109,0.003135,0.033229,0.001045,0.005917,0.009823,0.003251,0.000685,0.000735,0.002397
ryanmaxwell_1,201,0.848983,0.934882,0.849127,0.921000,0,0.553921,0.046886,0.002821,0.027460,0.000960,0.005301,0.004179,0.007901,0.000607,0.000617,0.001689
russilanrogov,10,0.848923,0.940437,0.848221,0.916791,0,0.377580,0.009655,0.001785,0.018191,0.030524,0.003366,0.000697,0.001789,0.000392,0.000354,0.000812
banttanantta,1,0.848845,0.807658,0.887541,0.928621,0,0.135951,0.006293,0.001196,0.003750,0.000381,0.001876,0.000718,0.001348,0.000275,0.000270,0.001120
erdollum666,4,0.848737,1.000602,0.778435,0.964310,2,0.108268,0.006425,0.453420,0.005640,0.001581,0.001923,0.000972,0.001633,0.000825,0.000747,0.001041
heyits_toby,207,0.847578,0.916752,0.857645,0.911158,0,0.625270,0.039014,0.003441,0.033789,0.001162,0.006177,0.003687,0.013087,0.000740,0.000751,0.001936
shocko_10,4,0.847282,0.996503,0.823686,0.929397,0,0.616459,0.079116,0.004011,0.029335,0.001425,0.007319,0.001925,0.004721,0.000894,0.000889,0.002322
gracelilstar,1,0.847265,0.800725,0.890481,0.922853,0,0.151318,0.005501,0.002126,0.004740,0.000759,0.002041,0.000651,0.001416,0.000358,0.000356,0.000664
logan_whatsup,66,0.847120,0.993400,0.824378,0.911798,0,0.482000,0.051113,0.002475,0.036056,0.000842,0.005239,0.001268,0.002808,0.000534,0.000565,0.001785
priceforpierce,162,0.846754,0.925688,0.854856,0.912393,0,0.544202,0.030782,0.005335,0.036628,0.001050,0.005159,0.007490,0.002943,0.000662,0.000670,0.001680
blacktolive,93,0.846511,1.031211,0.801575,0.941854,0,0.496493,0.086888,0.002659,0.015106,0.000973,0.008811,0.001451,0.003994,0.000623,0.000612,0.001787
agnesgrhm,1,0.843730,0.975523,0.843817,0.914196,0,0.008963,0.000449,0.000071,0.000748,0.000024,0.000170,0.000032,0.000096,0.000014,0.000013,0.000043
puddin_leto,1,0.843468,0.962615,0.848711,0.916764,0,0.018382,0.001474,0.000128,0.000791,0.000046,0.000398,0.000076,0.000185,0.000030,0.000033,0.000115
hollandpatrickk,123,0.843397,0.972292,0.845730,0.907390,0,0.580453,0.029542,0.003110,0.042320,0.001044,0.013558,0.002074,0.011144,0.000666,0.000679,0.001744
manuelkrosss,29,0.843034,1.059796,0.757165,0.960909,2,0.146534,0.008686,0.544558,0.007682,0.002125,0.002613,0.001305,0.002207,0.001098,0.000999,0.001399
mil0blake,199,0.842839,0.995193,0.832751,0.901121,0,0.555780,0.043270,0.003151,0.045631,0.001066,0.005823,0.006405,0.003098,0.000673,0.000685,0.001821
dailylosangeles,29,0.842707,1.083196,0.780528,0.939475,0,0.528822,0.107690,0.002745,0.014569,0.001054,0.015142,0.001288,0.003509,0.000638,0.000591,0.001470
gloed_up,96,0.841833,1.060651,0.808720,0.924921,0,0.496993,0.071410,0.002940,0.019012,0.001073,0.013891,0.001575,0.004366,0.000681,0.000678,0.001924
aantiracist,15,0.841640,1.096100,0.794459,0.916113,0,0.449826,0.025197,0.001826,0.012279,0.000650,0.004707,0.000894,0.068881,0.000428,0.000393,0.001123
mbrownhere,1,0.841526,0.892633,0.871279,0.920242,0,0.303921,0.017079,0.003041,0.009945,0.000989,0.004704,0.001799,0.003150,0.000680,0.000783,0.002730
entatjanamax,30,0.841525,1.070786,0.801708,0.893921,0,0.542203,0.010401,0.062364,0.051747,0.000879,0.003682,0.000896,0.002073,0.000530,0.000473,0.001061
deusxyx,16,0.840520,1.101824,0.702567,0.967045,0,0.544160,0.204846,0.002226,0.013510,0.000824,0.003693,0.000961,0.002266,0.000499,0.000470,0.001076
kolradskiy_zhuk,12,0.840411,1.113702,0.772064,0.936299,0,0.438164,0.011397,0.001965,0.014350,0.093208,0.003809,0.000801,0.002033,0.000448,0.000402,0.000947
jeffreykahunas,221,0.840075,0.982248,0.846031,0.907548,0,0.574662,0.031332,0.003271,0.041785,0.001103,0.010375,0.005890,0.003193,0.000691,0.005217,0.001724
berkhoff85,9,0.839631,1.096462,0.737792,0.960352,2,0.164831,0.009068,0.546419,0.008412,0.002058,0.002768,0.001316,0.002255,0.001085,0.000979,0.001422
erdollum,16,0.839612,1.132460,0.735691,0.949271,2,0.170812,0.019802,0.588374,0.009513,0.001489,0.003723,0.001097,0.002192,0.000799,0.000737,0.001219
jaedenmassey,1,0.839574,1.003004,0.840371,0.911835,0,0.040166,0.003416,0.000271,0.001559,0.000093,0.001279,0.000171,0.000441,0.000061,0.000067,0.000271
bocharnikov_v,19,0.839270,1.102761,0.799284,0.908081,0,0.412904,0.009827,0.001878,0.026631,0.004927,0.056204,0.000730,0.001857,0.000402,0.000368,0.000865
rh0lbr00k,20,0.838285,0.981762,0.847160,0.895584,0,0.669885,0.038291,0.004265,0.033776,0.001505,0.006761,0.028193,0.004024,0.000942,0.000929,0.002171
jeannemccarthy0,178,0.837229,1.004538,0.842791,0.898628,0,0.566752,0.037549,0.002981,0.033045,0.001006,0.005413,0.002893,0.014209,0.006254,0.000650,0.001719
klara_sauber,44,0.836514,1.122521,0.733266,0.957043,2,0.142075,0.008424,0.465546,0.007448,0.002067,0.002533,0.001266,0.002141,0.001066,0.000971,0.001357
_billy_moyer_,90,0.835918,1.082672,0.814448,0.896563,0,0.500684,0.050481,0.003005,0.022117,0.001026,0.029192,0.001492,0.003340,0.000654,0.000682,0.002079
mihanovikov,14,0.835790,1.107469,0.798099,0.881457,0,0.461794,0.010093,0.002183,0.048233,0.047937,0.003869,0.000782,0.001949,0.000443,0.000406,0.000930
klausfinker,1,0.834721,1.138310,0.727113,0.956037,2,0.177105,0.010513,0.562525,0.009201,0.002591,0.003142,0.001596,0.002672,0.001359,0.001228,0.001709
mmmdarya,2,0.834645,1.134675,0.791765,0.916018,0,0.170650,0.004889,0.001286,0.007743,0.026780,0.001723,0.000428,0.000978,0.000288,0.000250,0.000515
judelambertusa,181,0.834356,1.023945,0.839397,0.892205,0,0.602979,0.037935,0.008023,0.037590,0.001127,0.006083,0.006978,0.014343,0.000714,0.000730,0.001846
mtthsberger,4,0.834073,1.145348,0.723710,0.955678,2,0.162839,0.009644,0.508036,0.008507,0.002297,0.002903,0.001454,0.002445,0.001210,0.001090,0.001564
chrisuport_port,9,0.833232,1.142274,0.679995,0.967527,2,0.206998,0.007208,0.489538,0.006712,0.001568,0.002374,0.001027,0.001813,0.000832,0.000745,0.001098
christinapool61,7,0.833097,1.153643,0.720724,0.955038,2,0.121991,0.007234,0.375229,0.006384,0.001771,0.002173,0.001089,0.001838,0.000918,0.000834,0.001168
peterkistner,14,0.832798,1.158513,0.714524,0.955873,2,0.145766,0.008466,0.431547,0.007175,0.001890,0.002569,0.001219,0.002085,0.000990,0.000902,0.001354
trayneshacole,73,0.832616,1.183433,0.747276,0.934387,0,0.480570,0.120331,0.002835,0.017962,0.001024,0.009272,0.003869,0.004003,0.000653,0.000649,0.001929
portmela,1,0.832172,1.079559,0.822920,0.900158,0,0.003658,0.000223,0.000043,0.000343,0.000013,0.000067,0.000018,0.000043,0.000007,0.000007,0.000023
blacktivists,11,0.831129,1.223371,0.722182,0.931493,0,0.500785,0.145143,0.002395,0.013005,0.000859,0.022557,0.001464,0.004165,0.000556,0.000575,0.001930
hiimkhloe,252,0.830406,1.133986,0.805270,0.905994,0,0.466454,0.058344,0.003007,0.021911,0.001020,0.007847,0.005569,0.011515,0.000668,0.000718,0.002198
yaeltrouble,1,0.829516,0.993896,0.854161,0.903780,0,0.179549,0.010430,0.001690,0.005043,0.000555,0.002435,0.001773,0.001914,0.000385,0.000500,0.005929
micparrish,92,0.829008,1.190741,0.779100,0.878964,0,0.460059,0.058970,0.002581,0.045421,0.000867,0.004840,0.001259,0.013579,0.000555,0.000586,0.001783
lilylilyhasse,6,0.828897,1.190391,0.705324,0.952558,2,0.119029,0.007059,0.339574,0.006224,0.001729,0.002119,0.001064,0.001794,0.000897,0.000815,0.001140
malloryjared,219,0.828647,1.137861,0.805300,0.907800,0,0.461187,0.058701,0.002995,0.017359,0.001012,0.012890,0.006951,0.008046,0.000666,0.000724,0.002159
johnbranchh,179,0.828348,1.204528,0.774427,0.905634,0,0.483056,0.081842,0.003003,0.026958,0.001029,0.014067,0.006595,0.003731,0.000666,0.000704,0.002108
nj_blacknews,12,0.827469,1.231159,0.748659,0.918242,0,0.417191,0.094500,0.003024,0.014280,0.001124,0.017832,0.001575,0.004543,0.000678,0.000682,0.001822
c__wells,64,0.827156,1.157018,0.800686,0.899152,0,0.565722,0.069571,0.002853,0.022784,0.000964,0.006030,0.016954,0.018585,0.000615,0.000638,0.001830
rusnevrotik,3,0.826942,1.015215,0.553179,0.997984,0,0.340184,0.000534,0.000068,0.000295,0.000027,0.000145,0.000034,0.000074,0.273538,0.000017,0.000046
sternandreas404,35,0.826676,1.211322,0.690403,0.952395,2,0.169997,0.009699,0.447979,0.008684,0.002174,0.002908,0.001383,0.002360,0.001129,0.001036,0.001516
sincerepruitt,11,0.825932,1.262161,0.730906,0.917740,0,0.366109,0.016935,0.002233,0.012664,0.000827,0.004986,0.001088,0.093585,0.000526,0.000476,0.001470
dontshootcom,10,0.825128,1.258433,0.729300,0.922959,0,0.489442,0.129967,0.003586,0.020175,0.001305,0.014968,0.001957,0.005715,0.000814,0.000842,0.002341
orrclay,2,0.823496,1.223189,0.608116,0.960873,1,0.297873,0.513502,0.001933,0.020993,0.000623,0.004288,0.000843,0.002310,0.000388,0.000389,0.001272
krasilnikovbor,10,0.823247,1.294842,0.728271,0.881160,0,0.480399,0.011184,0.002449,0.055347,0.100852,0.004302,0.000897,0.002197,0.000511,0.000467,0.001037
joachimbuchwitz,1,0.822456,1.244040,0.680985,0.948804,2,0.217884,0.012905,0.554013,0.011388,0.003082,0.003885,0.001945,0.003273,0.001620,0.001462,0.002091
jsncarey,4,0.822059,1.176946,0.596433,0.974708,1,0.234187,0.369247,0.001757,0.005634,0.000650,0.002499,0.000906,0.002409,0.000355,0.000397,0.001052
kelvsok,1,0.821819,1.270930,0.656302,0.946134,0,0.413144,0.016471,0.003527,0.182450,0.001170,0.005331,0.001280,0.003229,0.000684,0.000687,0.001530
viborisova,6,0.821555,1.320371,0.693376,0.915261,0,0.420488,0.011208,0.002483,0.028270,0.134559,0.004141,0.000952,0.002202,0.000535,0.000479,0.001120
karolineauge,3,0.819888,1.261752,0.656887,0.950930,2,0.108543,0.005834,0.242484,0.004912,0.001209,0.001756,0.000819,0.001390,0.000632,0.000585,0.000977
denn_nikitin,4,0.819134,1.086818,0.530807,0.990704,0,0.288634,0.001943,0.000331,0.001136,0.000107,0.000569,0.000199,0.000384,0.000076,0.250076,0.000309
glennharper_,4,0.819057,1.145018,0.560587,0.982374,1,0.345962,0.459809,0.001541,0.004415,0.000602,0.002246,0.001076,0.002587,0.000342,0.000422,0.001226
lelandgraves_,4,0.818889,1.205093,0.595365,0.970840,1,0.330354,0.523820,0.003186,0.008343,0.001201,0.004013,0.001685,0.003997,0.000634,0.000726,0.001871
todayinsyria,66,0.818774,1.193738,0.572746,0.973335,3,0.311356,0.009195,0.002373,0.445165,0.000786,0.003830,0.000784,0.001972,0.000443,0.000421,0.000920
lila_gorila,2,0.818182,1.000000,0.500000,1.000000,0,0.500000,0.000000,0.000000,0.000000,0.000000,0.000000,0.000000,0.000000,0.500000,0.000000,0.000000
shikarnoel,2,0.818182,1.000000,0.500000,1.000000,8,0.000000,0.000000,0.000000,0.000000,0.000000,0.000000,0.000000,0.000000,0.500000,0.500000,0.000000
clydedaws0n,2,0.818182,1.000000,0.500000,1.000000,1,0.000000,0.500000,0.000000,0.500000,0.000000,0.000000,0.000000,0.000000,0.000000,0.000000,0.000000
oh_frida,2,0.818182,1.000000,0.500000,1.000000,0,0.500000,0.000000,0.000000,0.000000,0.000000,0.000000,0.000000,0.000000,0.000000,0.500000,0.000000
mikkyrurk,2,0.818182,1.000000,0.500000,1.000000,0,0.500000,0.000000,0.000000,0.000000,0.000000,0.000000,0.000000,0.000000,0.000000,0.500000,0.000000
jihadist2ndwife,9,0.817274,1.304355,0.631714,0.944207,0,0.377621,0.016552,0.002675,0.186800,0.000896,0.005763,0.001306,0.002958,0.000560,0.000571,0.002070
susayung,13,0.816797,1.367475,0.703007,0.884405,0,0.306400,0.031039,0.001537,0.009340,0.000549,0.005379,0.000819,0.079061,0.000359,0.000343,0.001017
marianeuberg1,12,0.815877,1.294005,0.657662,0.944864,2,0.139489,0.008274,0.319415,0.007282,0.002034,0.002481,0.001249,0.002103,0.001057,0.000959,0.001338
blacneighbor,13,0.815582,1.304100,0.611854,0.948441,0,0.395373,0.217498,0.002321,0.013797,0.000845,0.009017,0.001232,0.003574,0.000533,0.000529,0.001469
blacknewsoutlet,40,0.814364,1.375759,0.707260,0.886336,0,0.440342,0.111493,0.003134,0.016099,0.001150,0.039843,0.001794,0.005065,0.000724,0.000740,0.002218
margoberoeva,2,0.811081,1.327377,0.592909,0.947129,0,0.236267,0.006362,0.001549,0.007990,0.141152,0.002108,0.000544,0.001222,0.000368,0.000312,0.000615
iancalh0un,2,0.810642,1.379914,0.695123,0.907644,0,0.490600,0.149992,0.004365,0.021067,0.001609,0.022349,0.002728,0.007670,0.001033,0.001097,0.003263
ninonderrien,3,0.808551,1.341497,0.618355,0.943465,2,0.149712,0.008278,0.284751,0.007074,0.001814,0.002490,0.001186,0.002012,0.000943,0.000869,0.001370
hamburgbote,1,0.807242,1.354798,0.625665,0.939771,2,0.185496,0.011000,0.369489,0.009687,0.002681,0.003302,0.001660,0.002794,0.001398,0.001267,0.001780
crystal1johnson,123,0.803615,1.461563,0.638498,0.901524,0,0.420199,0.173099,0.003208,0.016631,0.001172,0.031553,0.002968,0.005425,0.000745,0.000784,0.002322
maximgaron1,2,0.801763,1.390191,0.604888,0.936566,2,0.269836,0.015985,0.492105,0.014105,0.003830,0.004811,0.002409,0.004055,0.002010,0.001814,0.002589
kirstenladaniel,1,0.801453,1.366065,0.582346,0.945442,1,0.177624,0.284879,0.002905,0.008105,0.001128,0.004060,0.002041,0.004656,0.000641,0.000798,0.002354
sylvielefevrier,3,0.801298,1.387847,0.594060,0.938609,2,0.084987,0.004779,0.146533,0.004119,0.001081,0.001436,0.000693,0.001174,0.000560,0.000515,0.000785
bleepthepolice,87,0.801170,1.457097,0.680059,0.892773,0,0.423153,0.132357,0.003242,0.019030,0.001179,0.020705,0.001861,0.005408,0.000744,0.000777,0.013774
russianallies,1,0.800200,1.409935,0.624335,0.929992,4,0.012976,0.000828,0.000535,0.000641,0.026505,0.000242,0.000125,0.000247,0.000130,0.000108,0.000118
andreaseulitz,1,0.799136,1.406157,0.595263,0.935017,2,0.276406,0.016375,0.484274,0.014441,0.003926,0.004926,0.002469,0.004154,0.002062,0.001861,0.002653
warfareww,27,0.798378,1.400769,0.530288,0.935377,0,0.328752,0.023198,0.002930,0.251134,0.000984,0.006485,0.001108,0.002902,0.000572,0.000551,0.001331
riogithief,3,0.791864,1.410911,0.539995,0.941364,1,0.153467,0.206472,0.002402,0.007059,0.000937,0.003423,0.001656,0.003868,0.000533,0.000655,0.001886
aleksey_sokol_,12,0.790927,1.554151,0.562879,0.848796,0,0.387572,0.008437,0.002086,0.196870,0.086289,0.003281,0.000706,0.001684,0.000430,0.000387,0.000813
4mysquad,21,0.790489,1.531874,0.533578,0.888127,0,0.407219,0.270587,0.002609,0.062261,0.000940,0.010971,0.001480,0.004034,0.000598,0.000618,0.001868
schultei2,1,0.789028,1.462568,0.558046,0.929028,2,0.208528,0.012353,0.313676,0.010906,0.002965,0.003718,0.001861,0.003134,0.001553,0.001403,0.001999
todaycleveland,19,0.788184,1.526747,0.691645,0.802517,0,0.372029,0.035668,0.001825,0.009667,0.000653,0.059637,0.001012,0.002652,0.000413,0.000437,0.053896
colbyst1,3,0.786663,1.394517,0.495863,0.946456,1,0.248582,0.273556,0.003471,0.009332,0.001327,0.004573,0.002072,0.004858,0.000722,0.000856,0.002327
blackmattersus,46,0.784221,1.594945,0.630180,0.871557,0,0.402545,0.154186,0.002741,0.014950,0.001006,0.010939,0.001516,0.026064,0.000634,0.000643,0.023554
angela_lattke,1,0.781833,1.497810,0.531514,0.924756,2,0.141236,0.008369,0.190897,0.007394,0.002007,0.002520,0.001260,0.002123,0.001049,0.000950,0.001353
andrebeauleger,3,0.780389,1.452652,0.479321,0.934601,0,0.207329,0.009768,0.196930,0.007566,0.001431,0.002943,0.001232,0.002085,0.000791,0.000749,0.001723
israel_wills,1,0.776558,1.524415,0.519332,0.921788,0,0.167897,0.130112,0.002715,0.007719,0.001063,0.003897,0.001899,0.004484,0.000603,0.000746,0.002159
verrellportier,3,0.774987,1.488071,0.472867,0.928554,0,0.146268,0.007350,0.140953,0.005956,0.001312,0.002213,0.000981,0.001664,0.000701,0.000655,0.001268
jrrbrtt,1,0.771350,1.490198,0.466255,0.930242,1,0.156527,0.157292,0.002581,0.007126,0.001004,0.003554,0.001823,0.004070,0.000570,0.000712,0.002093
blk_voice,41,0.766817,1.691834,0.497841,0.868241,0,0.315859,0.235003,0.002367,0.013477,0.000870,0.034548,0.001336,0.003873,0.000549,0.000562,0.026014
6druz,5,0.731972,1.642316,0.363829,0.678761,0,0.231124,0.001564,0.000267,0.000915,0.000086,0.000458,0.000160,0.000309,0.200061,0.200061,0.000249
gffgfsfgfsdffjj,4,0.731259,1.633005,0.358819,0.676890,0,0.282101,0.001493,0.000285,0.000891,0.000091,0.000445,0.000171,0.000320,0.250065,0.250064,0.000267
