user_id,post_count,gini_coefficient,shannon_entropy,top1_ratio,top2_ratio,dominant_topic,Topic_0,Topic_1,Topic_2,Topic_3,Topic_4,Topic_5,Topic_6,Topic_7
ninonderrien,1,0.873743,0.022736,0.998274,0.998703,2,0.000429,0.000375,0.998274,0.000086,0.000101,0.000276,0.000371,0.000087
andrebeauleger,1,0.873702,0.023379,0.998219,0.998661,2,0.000443,0.000387,0.998219,0.000089,0.000105,0.000285,0.000383,0.000090
karolineauge,1,0.873634,0.024473,0.998125,0.998591,2,0.000466,0.000408,0.998125,0.000093,0.000110,0.000300,0.000403,0.000095
peterkistner,3,0.873633,0.023922,0.998180,0.998612,4,0.000433,0.000379,0.000181,0.000087,0.998180,0.000279,0.000374,0.000088
marianeuberg1,3,0.873103,0.032002,0.997474,0.998075,4,0.000600,0.000526,0.000251,0.000120,0.997474,0.000387,0.000519,0.000122
sternandreas404,7,0.873058,0.032677,0.997414,0.998029,4,0.000615,0.000538,0.000257,0.000123,0.997414,0.000396,0.000532,0.000125
margarethkurz,8,0.870494,0.094845,0.990484,0.995013,4,0.004528,0.000543,0.000260,0.000124,0.990484,0.003399,0.000536,0.000126
rogovilia,1,0.870459,0.070753,0.993756,0.995344,0,0.993756,0.001587,0.000759,0.000363,0.000429,0.001168,0.001568,0.000370
sergeev_tolik,2,0.868213,0.100308,0.990669,0.993041,0,0.990669,0.002372,0.001135,0.000542,0.000641,0.001745,0.002343,0.000553
verrellportier,1,0.867536,0.180007,0.975960,0.997658,2,0.000741,0.000649,0.975960,0.000148,0.000175,0.000477,0.021698,0.000151
romanagafonovv,2,0.867237,0.112658,0.989327,0.992040,0,0.989327,0.002713,0.001298,0.000620,0.000733,0.001996,0.002681,0.000632
israel_wills,1,0.864926,0.143544,0.985812,0.989777,6,0.003965,0.003471,0.001660,0.000793,0.000938,0.002553,0.985812,0.000808
kelvsok,1,0.862949,0.167291,0.983027,0.987771,6,0.004743,0.004152,0.001986,0.000949,0.001122,0.003055,0.983027,0.000967
klara_sauber,8,0.862222,0.235190,0.971869,0.987682,4,0.001436,0.015814,0.006968,0.000287,0.971869,0.000925,0.002409,0.000293
lgbtuni,1,0.861846,0.177031,0.981915,0.986513,0,0.981915,0.004598,0.002199,0.001051,0.001242,0.003383,0.004542,0.001071
jrrbrtt,1,0.861677,0.182098,0.981253,0.986507,1,0.005255,0.981253,0.002200,0.001051,0.001243,0.003384,0.004544,0.001071
williams8kalvin,1,0.860245,0.195182,0.979714,0.984872,0,0.979714,0.005157,0.002467,0.001178,0.001393,0.003794,0.005095,0.001201
t0nyasinclair,1,0.859078,0.211801,0.977595,0.983875,1,0.006280,0.977595,0.002629,0.001256,0.001485,0.004044,0.005430,0.001280
danny_turner_1,1,0.859066,0.211931,0.977579,0.983863,1,0.006284,0.977579,0.002631,0.001257,0.001486,0.004047,0.005435,0.001281
screamymonkey,9,0.858729,0.344850,0.940313,0.997793,5,0.000755,0.057480,0.000316,0.000151,0.000179,0.940313,0.000653,0.000154
policestateme,1,0.856715,0.238045,0.974269,0.981482,1,0.007213,0.974269,0.003019,0.001442,0.001705,0.004644,0.006236,0.001470
whitehousecards,5,0.856349,0.361689,0.941801,0.994205,3,0.001435,0.001256,0.000601,0.941801,0.000339,0.000924,0.001241,0.052404
manuelkrosss,6,0.855147,0.398127,0.927268,0.997424,4,0.000723,0.000633,0.000303,0.000145,0.927268,0.070156,0.000625,0.000147
specialaffair,8,0.853070,0.432202,0.923433,0.993550,5,0.004268,0.000802,0.070117,0.000183,0.000217,0.923433,0.000793,0.000187
washingtonline,5,0.852638,0.436347,0.913523,0.998817,5,0.085294,0.000370,0.000177,0.000085,0.000100,0.913523,0.000365,0.000086
lelandgraves_,2,0.851836,0.328056,0.960484,0.979498,1,0.006095,0.960484,0.002552,0.001219,0.001441,0.003925,0.005270,0.019013
gracelilstar,1,0.851452,0.294278,0.966864,0.976152,1,0.009288,0.966864,0.003888,0.001858,0.002196,0.005981,0.008031,0.001893
mtthsberger,1,0.851241,0.412647,0.937053,0.987796,4,0.050744,0.003331,0.001593,0.000761,0.937053,0.002451,0.003291,0.000776
handsome_henson,1,0.848933,0.320281,0.963320,0.973601,1,0.010281,0.963320,0.004304,0.002056,0.002431,0.006621,0.008890,0.002096
oh_frida,1,0.848251,0.314401,0.964384,0.972852,4,0.008468,0.007411,0.003545,0.001693,0.964384,0.005452,0.007321,0.001726
mikkyrurk,1,0.848251,0.314401,0.964384,0.972852,4,0.008468,0.007411,0.003545,0.001693,0.964384,0.005452,0.007321,0.001726
todaybostonma,5,0.846030,0.509083,0.908080,0.990454,5,0.082374,0.002985,0.001428,0.000682,0.000806,0.908080,0.002949,0.000695
kristyanann,1,0.845878,0.351139,0.959021,0.970506,1,0.011486,0.959021,0.004809,0.002297,0.002716,0.007397,0.009932,0.002342
zubovnik,1,0.845820,0.351908,0.958903,0.970388,6,0.011485,0.010053,0.004808,0.002297,0.002716,0.007396,0.958903,0.002341
sylvielefevrier,2,0.842268,0.379091,0.955068,0.966232,2,0.011164,0.009773,0.955068,0.002233,0.002640,0.007190,0.009655,0.002276
wildharee,1,0.841969,0.389629,0.953521,0.966549,1,0.013028,0.953521,0.005454,0.002606,0.003081,0.008390,0.011265,0.002656
sindyblossom,1,0.841912,0.390182,0.953441,0.966491,1,0.013050,0.953441,0.005464,0.002610,0.003086,0.008404,0.011285,0.002661
williams_diana_,1,0.841878,0.390723,0.953352,0.966388,6,0.013036,0.011411,0.005458,0.002607,0.003083,0.008395,0.953352,0.002658
jsncarey,3,0.841499,0.394189,0.952860,0.966072,1,0.013212,0.952860,0.005532,0.002643,0.003125,0.008509,0.011426,0.002694
angelabach991,5,0.841180,0.577459,0.870299,0.997848,4,0.000604,0.000529,0.000253,0.000121,0.870299,0.127548,0.000522,0.000123
heyitsglor,1,0.840633,0.581967,0.883975,0.991366,6,0.002733,0.002392,0.107391,0.000547,0.000646,0.001760,0.883975,0.000557
lilylilyhasse,4,0.838583,0.515612,0.926090,0.972330,4,0.007766,0.006798,0.003252,0.001553,0.926090,0.046240,0.006716,0.001583
yattvrussia,1,0.837312,0.427246,0.948184,0.961357,0,0.948184,0.013173,0.006301,0.003010,0.003559,0.009692,0.013014,0.003068
schultei2,1,0.833857,0.448762,0.945221,0.958242,4,0.013021,0.011399,0.005452,0.002605,0.945221,0.008387,0.011261,0.002655
angela_lattke,1,0.833857,0.448762,0.945221,0.958242,4,0.013021,0.011399,0.005452,0.002605,0.945221,0.008387,0.011261,0.002655
stlouisonline,5,0.831231,0.683465,0.836344,0.995450,5,0.159106,0.001423,0.000680,0.000325,0.000384,0.836344,0.001406,0.000331
dailysandiego,5,0.831043,0.701361,0.840634,0.990038,5,0.149403,0.007004,0.000644,0.000308,0.000364,0.840634,0.001330,0.000313
todaymiami,5,0.830735,0.689606,0.837167,0.994332,5,0.157165,0.001772,0.000848,0.000405,0.000479,0.837167,0.001751,0.000413
globalfoe,1,0.830721,0.485622,0.939214,0.954320,2,0.015106,0.013221,0.939214,0.003021,0.003572,0.009727,0.013061,0.003079
portmela,1,0.829733,0.504186,0.936303,0.954156,1,0.017853,0.936303,0.007475,0.003571,0.004222,0.011498,0.015439,0.003640
oaklandonline,4,0.829438,0.694817,0.823115,0.997864,5,0.174749,0.000668,0.000320,0.000153,0.000180,0.823115,0.000660,0.000156
oooonlyone,1,0.827450,0.505041,0.936687,0.951741,4,0.015054,0.013173,0.006301,0.003010,0.936687,0.009692,0.013014,0.003068
horrorki,1,0.827450,0.505041,0.936687,0.951741,4,0.015054,0.013173,0.006301,0.003010,0.936687,0.009692,0.013014,0.003068
lila_gorila,1,0.827450,0.505041,0.936687,0.951741,4,0.015054,0.013173,0.006301,0.003010,0.936687,0.009692,0.013014,0.003068
zistti,1,0.827450,0.505042,0.936687,0.951741,4,0.015054,0.013173,0.006301,0.003010,0.936687,0.009692,0.013014,0.003068
ostrovofficer,1,0.827450,0.505046,0.936686,0.951741,4,0.015054,0.013173,0.006301,0.003010,0.936686,0.009692,0.013014,0.003068
andreaseulitz,1,0.827417,0.505305,0.936647,0.951706,4,0.015059,0.013183,0.006305,0.003012,0.936647,0.009699,0.013023,0.003071
klausfinker,1,0.827402,0.505436,0.936626,0.951690,4,0.015064,0.013187,0.006307,0.003013,0.936626,0.009703,0.013028,0.003072
politopros,1,0.826625,0.509396,0.936157,0.951203,3,0.015046,0.013170,0.006299,0.936157,0.003558,0.009690,0.013011,0.003068
arkadii_trofim,2,0.826485,0.727984,0.843821,0.985744,0,0.843820,0.003848,0.001840,0.141924,0.001040,0.002831,0.003801,0.000896
beverlybalsom,1,0.822714,0.555625,0.928223,0.946059,2,0.017835,0.015611,0.928223,0.003567,0.004218,0.011486,0.015424,0.003636
erdollum666,2,0.822528,0.547029,0.930136,0.946743,4,0.016607,0.014538,0.006953,0.003322,0.930136,0.010696,0.014362,0.003386
fishalexanderr,3,0.822329,0.754549,0.795079,0.997778,4,0.000624,0.000546,0.000261,0.000125,0.795079,0.202699,0.000539,0.000127
joachimbuchwitz,1,0.820637,0.757447,0.862178,0.968974,4,0.009283,0.008127,0.003887,0.001857,0.862178,0.005979,0.106796,0.001893
leecory,1,0.820265,0.578655,0.924746,0.943878,0,0.924746,0.019132,0.009150,0.004372,0.005169,0.014076,0.018900,0.004456
jon_underwood_,1,0.819617,0.593340,0.922068,0.943912,1,0.021844,0.922068,0.009145,0.004369,0.005166,0.014067,0.018889,0.004453
jaedenmassey,1,0.819527,0.594114,0.921942,0.943820,1,0.021879,0.921942,0.009160,0.004376,0.005174,0.014090,0.018919,0.004460
jorda_morgan,1,0.818694,0.579096,0.925029,0.942852,4,0.017824,0.015600,0.007461,0.003565,0.925029,0.011477,0.015411,0.003633
moda_barina,1,0.818694,0.579097,0.925029,0.942852,4,0.017824,0.015600,0.007461,0.003565,0.925029,0.011477,0.015411,0.003633
lmarinays,1,0.818694,0.579097,0.925029,0.942852,4,0.017824,0.015600,0.007461,0.003565,0.925029,0.011477,0.015411,0.003633
gorelkinnn,1,0.818694,0.579097,0.925029,0.942852,4,0.017824,0.015600,0.007461,0.003565,0.925029,0.011477,0.015411,0.003633
mwiqcen,1,0.818694,0.579097,0.925029,0.942852,4,0.017824,0.015600,0.007461,0.003565,0.925029,0.011477,0.015411,0.003633
shikarnoel,1,0.818694,0.579097,0.925029,0.942852,4,0.017824,0.015600,0.007461,0.003565,0.925029,0.011477,0.015411,0.003633
valeyina_dm,2,0.817973,0.799018,0.787482,0.994133,0,0.787482,0.001584,0.000757,0.206651,0.000428,0.001165,0.001564,0.000369
rusnevrotik,1,0.817076,0.812357,0.829058,0.976893,4,0.147835,0.006308,0.003017,0.001441,0.829058,0.004641,0.006231,0.001469
clydedaws0n,1,0.816072,0.831154,0.801990,0.984585,1,0.005272,0.801990,0.002207,0.001055,0.001247,0.182595,0.004559,0.001075
berkhoff85,4,0.815573,0.830880,0.810044,0.981838,4,0.171794,0.004958,0.002371,0.001133,0.810044,0.003648,0.004898,0.001155
coldwar20_ru,3,0.814210,0.612689,0.919773,0.938680,3,0.018907,0.016550,0.007916,0.919773,0.004471,0.012177,0.016350,0.003855
glennharper_,2,0.814173,0.840310,0.783173,0.989331,1,0.003947,0.783173,0.001652,0.000789,0.000933,0.002542,0.206159,0.000805
missourinewsus,4,0.812738,0.799608,0.866344,0.926418,0,0.866344,0.029634,0.004251,0.000291,0.000344,0.038765,0.060074,0.000297
todaycincinnati,4,0.812336,0.849536,0.771361,0.991228,5,0.219867,0.002743,0.001312,0.000627,0.000741,0.771361,0.002710,0.000639
vasilichvasili,2,0.812321,0.836477,0.761644,0.995348,0,0.761644,0.001256,0.000601,0.233704,0.000339,0.000924,0.001240,0.000292
kansasdailynews,5,0.810580,0.903628,0.773159,0.969670,5,0.196511,0.030100,0.000050,0.000024,0.000028,0.773159,0.000104,0.000024
christinapool61,4,0.810139,0.854300,0.837396,0.962658,4,0.010481,0.009175,0.004388,0.002097,0.837396,0.125262,0.009064,0.002137
batonrougevoice,5,0.809616,0.906506,0.768418,0.978485,5,0.210067,0.017674,0.000836,0.000399,0.000472,0.768418,0.001726,0.000407
reachitdoit,1,0.809001,0.863785,0.836375,0.961246,6,0.011484,0.010053,0.004808,0.002297,0.002716,0.007396,0.836375,0.124871
msm0re,1,0.806904,0.900023,0.800690,0.972703,4,0.007207,0.006308,0.172013,0.001441,0.800690,0.004641,0.006231,0.001469
erdollum,5,0.806870,0.932628,0.799108,0.961526,4,0.162418,0.003185,0.001524,0.000728,0.799108,0.016691,0.015605,0.000742
gvardeykalena,2,0.804334,0.957098,0.791194,0.936738,0,0.791194,0.058757,0.001107,0.000529,0.000626,0.001703,0.145544,0.000539
tebepizdec,1,0.804326,0.709708,0.902831,0.927535,0,0.902831,0.024703,0.011815,0.005645,0.006674,0.018175,0.024404,0.005754
inst_vets,2,0.803854,0.931262,0.771573,0.978010,0,0.771573,0.007466,0.003571,0.001706,0.002017,0.005492,0.206437,0.001739
richmondvoice,4,0.803727,0.896495,0.729743,0.994089,5,0.264347,0.001848,0.000884,0.000422,0.000499,0.729743,0.001826,0.000430
georevieweurope,1,0.803456,0.727538,0.899327,0.927545,1,0.028218,0.899327,0.011813,0.005644,0.006673,0.018172,0.024400,0.005753
gwen_garland,1,0.803332,0.728892,0.899063,0.927272,6,0.028210,0.024691,0.011809,0.005642,0.006670,0.018165,0.899063,0.005751
kirstenladaniel,1,0.803325,0.728937,0.899055,0.927263,6,0.028208,0.024693,0.011811,0.005642,0.006671,0.018168,0.899055,0.005751
iris0_o,1,0.803251,0.729180,0.899039,0.927336,1,0.028297,0.899039,0.011847,0.005660,0.006692,0.018224,0.024470,0.005769
briys_valera,1,0.801944,0.952155,0.774131,0.972869,1,0.009280,0.774131,0.003885,0.001856,0.002194,0.198739,0.008024,0.001892
sanantotopnews,5,0.800254,0.904539,0.709875,0.996470,5,0.286595,0.001104,0.000528,0.000252,0.000298,0.709875,0.001091,0.000257
roscoe_riddle,1,0.798564,0.763289,0.892699,0.920944,5,0.028246,0.024722,0.011824,0.005649,0.006679,0.892699,0.024424,0.005758
stepansazono,2,0.798451,0.971350,0.770456,0.971151,0,0.770456,0.007786,0.003724,0.200695,0.002104,0.005729,0.007692,0.001814
newspeakdaily,5,0.795298,1.031229,0.737514,0.945180,5,0.207666,0.054136,0.000149,0.000071,0.000084,0.737514,0.000307,0.000072
phoenixdailynew,5,0.793900,1.029252,0.714822,0.962020,5,0.247198,0.037415,0.000123,0.000059,0.000070,0.714822,0.000254,0.000060
srahse,1,0.792532,1.013964,0.783973,0.956141,1,0.013024,0.783973,0.005452,0.172168,0.003080,0.008387,0.011262,0.002655
gibbs_jeremy_,1,0.792255,1.006291,0.717431,0.980497,1,0.007215,0.717431,0.003021,0.001443,0.001706,0.004647,0.263066,0.001471
margosavazh,3,0.791214,0.904910,0.855611,0.932610,3,0.016682,0.014604,0.006985,0.855611,0.003946,0.010745,0.014427,0.077000
albertmorenmore,1,0.791202,1.028604,0.733777,0.972215,1,0.010279,0.733777,0.004304,0.002056,0.002431,0.006620,0.238438,0.002096
riafanru,1,0.790391,0.991056,0.810482,0.947390,3,0.013024,0.011401,0.005453,0.810482,0.003080,0.008388,0.011263,0.136908
instotus,2,0.789966,1.031699,0.809350,0.914856,6,0.010774,0.009431,0.004511,0.105506,0.002548,0.055685,0.809350,0.002197
ttsvetkov,1,0.789298,0.971744,0.673241,0.993607,0,0.673241,0.001999,0.000956,0.000457,0.000540,0.320366,0.001975,0.000466
lukas_rosler,3,0.786144,1.028163,0.816082,0.901659,4,0.085577,0.040893,0.003099,0.001481,0.816082,0.004767,0.046592,0.001509
onlinecleveland,5,0.785906,1.096348,0.693336,0.957721,5,0.264386,0.035871,0.005847,0.000074,0.000088,0.693336,0.000322,0.000076
sto_christi,1,0.785891,0.833868,0.881357,0.909558,4,0.028202,0.024688,0.011808,0.005641,0.881357,0.018164,0.024389,0.005750
hamburgbote,1,0.785836,0.834267,0.881284,0.909503,4,0.028219,0.024703,0.011816,0.005645,0.881284,0.018175,0.024404,0.005754
realten_gop,5,0.785462,0.960383,0.647340,0.997849,0,0.647340,0.000730,0.000349,0.000167,0.000197,0.000537,0.350509,0.000170
tezaharov,2,0.785041,1.016009,0.672215,0.987938,0,0.672215,0.003256,0.001557,0.315723,0.000880,0.002395,0.003216,0.000758
colbyst1,2,0.784530,1.061358,0.698637,0.975620,1,0.009019,0.698637,0.003776,0.001804,0.002133,0.005809,0.276982,0.001839
todaypittsburgh,10,0.783996,1.116111,0.748326,0.908762,5,0.081446,0.003601,0.160436,0.000823,0.000973,0.748326,0.003557,0.000839
worldnewspoli,3,0.783857,1.031479,0.671377,0.985679,0,0.671377,0.004478,0.002142,0.001023,0.001210,0.314303,0.004424,0.001043
sovasof,1,0.783744,1.070374,0.713927,0.970508,4,0.007786,0.006815,0.256580,0.001557,0.713927,0.005014,0.006733,0.001587
susayung,5,0.783387,1.133997,0.737320,0.933686,1,0.196366,0.737320,0.003002,0.001434,0.049598,0.004618,0.006200,0.001462
darrell_h_hunt,1,0.782025,0.999804,0.644272,0.993667,6,0.349394,0.002150,0.001028,0.000491,0.000581,0.001582,0.644272,0.000501
milwaukeevoice,1,0.781660,1.103337,0.732725,0.957737,0,0.732725,0.013217,0.006321,0.003020,0.003571,0.225012,0.013056,0.003078
redlanews,5,0.780279,1.014865,0.641276,0.992106,0,0.641276,0.002680,0.001282,0.000612,0.000724,0.001972,0.350830,0.000624
erofeenkoanton,2,0.780234,1.159870,0.745577,0.912653,0,0.745577,0.167077,0.024697,0.058286,0.000530,0.001442,0.001936,0.000456
kolradskiy_zhuk,2,0.777478,1.173137,0.718309,0.937241,0,0.718309,0.002817,0.001347,0.031167,0.000761,0.002072,0.218932,0.024595
abigailssilk,3,0.777175,1.076761,0.654912,0.981395,6,0.005889,0.005154,0.326483,0.001178,0.001392,0.003792,0.654912,0.001200
tpartynews,18,0.776736,1.178587,0.685196,0.934015,6,0.248819,0.054267,0.000099,0.000047,0.000056,0.011467,0.685196,0.000048
christinacrisss,1,0.776581,1.042958,0.632907,0.989290,1,0.003962,0.632907,0.001659,0.000792,0.000937,0.002552,0.356384,0.000808
bydrbre_,1,0.772642,1.146994,0.689496,0.962769,3,0.273273,0.010049,0.004806,0.689496,0.002715,0.007393,0.009927,0.002341
todayinsyria,5,0.771204,1.177541,0.731643,0.868934,6,0.012943,0.117236,0.000351,0.000168,0.000198,0.137290,0.731643,0.000171
anthonywoodboy,3,0.770758,1.192184,0.759085,0.909474,1,0.036351,0.759085,0.017996,0.001204,0.002432,0.031316,0.150390,0.001227
riogithief,2,0.767124,1.215084,0.663475,0.950820,6,0.008342,0.287345,0.003493,0.001669,0.001973,0.005373,0.663475,0.028331
rightnpr,7,0.766824,1.029699,0.579188,0.995343,0,0.579188,0.001581,0.000756,0.000361,0.000427,0.001163,0.416155,0.000368
patriotka_rusi,2,0.766528,1.248489,0.731265,0.899038,0,0.731265,0.055409,0.002418,0.035598,0.001366,0.167773,0.004994,0.001177
kadirovrussia,3,0.766302,1.188800,0.706696,0.950014,3,0.012374,0.010832,0.005181,0.706696,0.002927,0.007970,0.010701,0.243318
anzgri,1,0.762191,1.173419,0.624299,0.970496,1,0.346197,0.624299,0.004810,0.002298,0.002717,0.007400,0.009936,0.002342
glebnikon,2,0.762123,1.255062,0.681882,0.880954,0,0.681882,0.002155,0.001031,0.112648,0.000582,0.199072,0.002129,0.000502
hunteroddddom,4,0.760017,1.276663,0.654132,0.936876,0,0.654132,0.282744,0.006780,0.010534,0.000422,0.003379,0.038269,0.003740
mbrownhere,1,0.759408,1.207121,0.627781,0.963729,2,0.011517,0.335948,0.627781,0.002304,0.002724,0.007418,0.009960,0.002348
todaycleveland,5,0.758643,1.056238,0.550894,0.993516,5,0.001918,0.001679,0.442623,0.000384,0.000454,0.550894,0.001659,0.000391
luke_jones13,3,0.757668,1.264040,0.616603,0.918898,0,0.616603,0.079049,0.000505,0.000241,0.000285,0.000776,0.302295,0.000246
ssus_panther,1,0.757498,1.228572,0.630993,0.959307,1,0.015057,0.630993,0.006302,0.003011,0.003560,0.009694,0.328314,0.003069
sovetnikstatski,2,0.757357,1.281315,0.655936,0.882656,0,0.655936,0.001377,0.000659,0.113255,0.000372,0.226721,0.001360,0.000321
agnesgrhm,1,0.757138,1.243076,0.646354,0.953873,6,0.307519,0.015660,0.007490,0.003578,0.004231,0.011521,0.646354,0.003647
thefoundingson,14,0.757015,1.296954,0.713310,0.860582,6,0.147272,0.108330,0.023087,0.001425,0.000793,0.004269,0.713310,0.001514
razvedchica_,2,0.756792,1.308365,0.713121,0.868147,0,0.713121,0.097920,0.000929,0.011444,0.000525,0.155026,0.001919,0.019115
chrisuport_port,4,0.755942,1.286576,0.724696,0.852970,4,0.128274,0.005832,0.002789,0.001333,0.724696,0.113950,0.021769,0.001358
viborisova,2,0.755545,1.306058,0.681112,0.872726,3,0.191614,0.004756,0.002275,0.681112,0.001285,0.113151,0.004699,0.001108
todaynycity,5,0.753785,1.304998,0.699263,0.850410,5,0.151148,0.118167,0.000565,0.000270,0.000319,0.699263,0.029994,0.000275
dannymaslov,1,0.752714,1.236462,0.604214,0.961828,1,0.013056,0.604214,0.005466,0.002611,0.003087,0.357614,0.011290,0.002662
shapka_mono,1,0.751822,1.191784,0.578687,0.972844,0,0.578687,0.007413,0.003545,0.001694,0.394157,0.005454,0.007323,0.001727
chernenkonikola,2,0.751531,1.318269,0.711284,0.861506,0,0.711284,0.056201,0.000885,0.150222,0.000500,0.078650,0.001828,0.000431
newarkvoice,4,0.751066,1.176631,0.539754,0.965432,5,0.425678,0.034148,0.000091,0.000044,0.000052,0.539754,0.000189,0.000045
staywoke88,2,0.750557,1.005558,0.503244,0.999603,0,0.503244,0.496359,0.000065,0.000031,0.000037,0.000100,0.000134,0.000032
fischermaria933,1,0.750374,1.237235,0.598585,0.963073,0,0.598585,0.010080,0.004821,0.002303,0.364488,0.007416,0.009958,0.002348
sonderkatharina,1,0.750373,1.237235,0.598584,0.963073,0,0.598584,0.010080,0.004821,0.002303,0.364488,0.007416,0.009958,0.002348
tinatkurtz1222,1,0.750373,1.237237,0.598581,0.963073,0,0.598581,0.010080,0.004821,0.002303,0.364491,0.007417,0.009958,0.002348
nj_blacknews,4,0.748225,1.294895,0.581883,0.943240,1,0.361357,0.581883,0.003367,0.001609,0.001902,0.005180,0.043062,0.001640
yaeltrouble,1,0.747496,1.328253,0.675989,0.926115,2,0.021857,0.019132,0.675989,0.004371,0.005169,0.250126,0.018900,0.004456
usa_gunslinger,8,0.746180,1.109117,0.515547,0.987930,6,0.472383,0.004098,0.001960,0.000936,0.001107,0.003015,0.515547,0.000954
krustyps,1,0.745754,1.332093,0.639713,0.935932,1,0.021912,0.639713,0.009174,0.004383,0.005182,0.296219,0.018950,0.004468
banttanantta,1,0.745700,1.332332,0.639495,0.935932,1,0.021912,0.639495,0.009174,0.004383,0.005182,0.296437,0.018949,0.004468
lavrovmuesli,3,0.745519,1.313594,0.709660,0.919599,3,0.019904,0.017424,0.008334,0.709660,0.004707,0.012820,0.017213,0.209938
dailysanfran,5,0.745445,1.325723,0.581381,0.906808,5,0.325427,0.090275,0.000635,0.000303,0.000359,0.581381,0.001311,0.000309
mmmdarya,1,0.745347,1.342308,0.676020,0.841974,0,0.676020,0.005500,0.002631,0.165955,0.001486,0.141694,0.005434,0.001281
ryanncooperwood,1,0.743576,1.204076,0.540912,0.973184,2,0.008487,0.007429,0.540912,0.001697,0.002007,0.005466,0.432271,0.001730
neworleanson,5,0.741204,1.347084,0.570775,0.935530,5,0.364755,0.009327,0.038825,0.000692,0.000818,0.570775,0.014103,0.000705
willisbonnerr,8,0.738198,1.340354,0.541348,0.927457,2,0.015439,0.386109,0.541348,0.000030,0.000036,0.000097,0.056911,0.000031
lapinolegg,2,0.738127,1.347247,0.642441,0.823120,0,0.642441,0.001961,0.000938,0.171056,0.000530,0.180679,0.001938,0.000457
skatewake1994,4,0.736302,1.261138,0.507835,0.956558,1,0.448723,0.507835,0.001900,0.000908,0.001073,0.034711,0.003924,0.000925
philadelphiaon,5,0.736249,1.431033,0.628907,0.876778,5,0.247871,0.054155,0.000813,0.000389,0.000459,0.628907,0.067010,0.000396
krasilnikovbor,1,0.735509,1.375840,0.564694,0.882865,0,0.564694,0.318171,0.000430,0.114703,0.000243,0.000662,0.000888,0.000209
kimberleighlamb,1,0.735241,1.359992,0.597037,0.939874,3,0.017852,0.342836,0.007475,0.597037,0.004222,0.011498,0.015439,0.003640
sincerepruitt,4,0.733752,1.452384,0.662790,0.840626,6,0.003686,0.003226,0.177836,0.000737,0.044665,0.106308,0.662790,0.000751
chaneutral,2,0.733581,1.273441,0.528665,0.962416,0,0.528665,0.011753,0.005621,0.002686,0.003175,0.433751,0.011611,0.002737
lysikvinkova,2,0.732163,1.295736,0.530866,0.958205,5,0.014297,0.427340,0.005984,0.002859,0.003380,0.530866,0.012360,0.002914
_sashalapin,2,0.731054,1.417992,0.680984,0.826770,0,0.680984,0.096842,0.001300,0.000621,0.000734,0.145786,0.073099,0.000633
joseph_jenks,1,0.730736,1.324273,0.540912,0.952536,2,0.015072,0.411624,0.540912,0.003015,0.003564,0.009707,0.013034,0.003073
aleksey_sokol_,1,0.730581,1.388276,0.599012,0.828293,0,0.599012,0.000748,0.000358,0.229281,0.000202,0.169486,0.000739,0.000174
march_for_trump,6,0.730391,1.454000,0.638119,0.827047,0,0.638119,0.132569,0.038752,0.000254,0.000301,0.000819,0.188927,0.000259
sergbriantsev,2,0.730060,1.432211,0.581474,0.858037,0,0.581474,0.002895,0.001385,0.133366,0.000782,0.276563,0.002860,0.000674
patriot_archive,2,0.727948,1.461033,0.645486,0.827883,0,0.645486,0.182398,0.143826,0.002633,0.003113,0.008478,0.011383,0.002684
scottgohard,7,0.727324,1.419968,0.538977,0.918364,1,0.059562,0.538977,0.379387,0.002054,0.002429,0.006615,0.008882,0.002094
darknally,3,0.724993,1.438368,0.593583,0.823668,5,0.230086,0.168467,0.001712,0.000818,0.000967,0.593583,0.003535,0.000833
pati_cooper,3,0.723584,1.441174,0.540884,0.920024,0,0.540884,0.028544,0.001362,0.000651,0.035805,0.002096,0.379140,0.011518
4ever1937,1,0.720455,1.386170,0.485685,0.906252,0,0.485685,0.420567,0.001057,0.000505,0.000597,0.001626,0.089448,0.000515
boryabuchin,2,0.719577,1.387451,0.484355,0.932003,5,0.447647,0.004301,0.002057,0.045855,0.001162,0.484355,0.013621,0.001002
bogdankravcov,2,0.718752,1.526334,0.620015,0.818609,0,0.620015,0.125474,0.000740,0.198594,0.000418,0.001138,0.001529,0.052093
jacksoncitypost,4,0.718115,1.540959,0.625958,0.834866,5,0.208908,0.063790,0.092214,0.001015,0.001200,0.625958,0.005879,0.001035
malloryjared,24,0.717907,1.529042,0.673485,0.834808,1,0.026884,0.673485,0.161322,0.005270,0.008114,0.025173,0.096949,0.002803
siccerthanyou,5,0.716216,1.542978,0.600386,0.821713,1,0.127734,0.600386,0.001215,0.000580,0.000686,0.047480,0.221327,0.000591
puddin_leto,1,0.715963,1.349787,0.495938,0.950659,2,0.013026,0.011402,0.495938,0.002605,0.454720,0.008389,0.011264,0.002656
brentmcclure275,4,0.715260,1.462395,0.666057,0.798220,1,0.132163,0.666057,0.000813,0.000388,0.000459,0.096707,0.103018,0.000396
pamela_moore13,12,0.714382,1.453793,0.496786,0.873934,0,0.496786,0.120459,0.001378,0.000659,0.000779,0.002120,0.377148,0.000671
atlanta_online,4,0.714019,1.429712,0.481405,0.916172,0,0.481405,0.046670,0.034782,0.000316,0.000373,0.434767,0.001365,0.000322
dallastopnews,4,0.712186,1.532993,0.635814,0.807824,5,0.081159,0.106691,0.001710,0.000817,0.000966,0.635814,0.172010,0.000833
seattle_post,9,0.712117,1.480504,0.714978,0.822558,5,0.036879,0.079355,0.107581,0.035750,0.001583,0.714978,0.022510,0.001365
rus_in_usa,1,0.711939,1.406995,0.503923,0.939794,3,0.017821,0.015599,0.007461,0.503923,0.004214,0.011477,0.435872,0.003633
boriseleseev,2,0.710230,1.515596,0.652656,0.785746,0,0.652656,0.133090,0.001463,0.080181,0.000826,0.128049,0.003022,0.000713
edmundc0oke,1,0.708320,1.385019,0.473000,0.943781,2,0.017854,0.470782,0.473000,0.003570,0.004221,0.011496,0.015438,0.003639
devinedevinbr,5,0.708017,1.533138,0.527631,0.903423,6,0.375791,0.009684,0.002839,0.001356,0.019016,0.016392,0.527631,0.047290
taisiaavdeeva,2,0.706126,1.530749,0.636145,0.794113,0,0.636145,0.001154,0.000552,0.104400,0.000312,0.099202,0.157968,0.000269
melanymelanin,13,0.705071,1.532288,0.682963,0.810509,1,0.061434,0.682963,0.127545,0.000036,0.002065,0.048534,0.075341,0.002081
charlesrespeck,3,0.703951,1.518680,0.476181,0.879271,6,0.009089,0.102015,0.003805,0.001818,0.002149,0.403090,0.476181,0.001853
kotovamarys,2,0.703645,1.532895,0.639442,0.780664,0,0.639442,0.001412,0.000675,0.119033,0.000381,0.097505,0.141222,0.000329
finley1589,5,0.700253,1.633138,0.585552,0.799367,0,0.585552,0.131967,0.000588,0.000478,0.058962,0.005710,0.213815,0.002928
ten_gop,13,0.699732,1.581539,0.486536,0.855625,6,0.369089,0.113538,0.001794,0.000857,0.024552,0.002760,0.486536,0.000874
jeanuttella,4,0.699693,1.608873,0.540376,0.804268,1,0.154138,0.540376,0.000778,0.000372,0.000439,0.039626,0.263892,0.000379
peeonhillary,1,0.695828,1.514057,0.485074,0.917505,5,0.028217,0.432431,0.011812,0.005643,0.006672,0.485074,0.024398,0.005752
aantiracist,4,0.695367,1.587635,0.497834,0.882214,1,0.384380,0.497834,0.000760,0.000363,0.037455,0.027773,0.051064,0.000370
margoberoeva,2,0.694264,1.468746,0.464396,0.928463,3,0.019876,0.017399,0.008322,0.464396,0.004701,0.464066,0.017188,0.004052
bleepthepolice,14,0.694072,1.677231,0.611269,0.810804,1,0.053884,0.611269,0.026802,0.001397,0.008539,0.097150,0.199534,0.001424
travisrespek,5,0.692712,1.588482,0.540627,0.761056,0,0.540627,0.220429,0.000590,0.000282,0.004357,0.215636,0.017791,0.000287
interfischer,4,0.692353,1.662196,0.523936,0.833325,0,0.523936,0.003720,0.001779,0.000850,0.060834,0.002737,0.309389,0.096756
kenzdonovan,6,0.692213,1.593762,0.499798,0.800367,0,0.499798,0.300569,0.006343,0.001011,0.001196,0.006102,0.183950,0.001031
baltimore0nline,7,0.691065,1.676762,0.535824,0.812843,5,0.130453,0.277019,0.030693,0.000272,0.000322,0.535824,0.025141,0.000277
onlinememphis,5,0.689310,1.700433,0.572671,0.805072,5,0.112032,0.232401,0.051311,0.000968,0.001144,0.572671,0.028488,0.000986
4mysquad,6,0.688523,1.596279,0.492393,0.793766,1,0.301373,0.492393,0.003351,0.001601,0.001893,0.005155,0.192602,0.001632
ponomarevslav,2,0.687737,1.686378,0.594821,0.801423,0,0.594821,0.094405,0.000608,0.065231,0.000344,0.037693,0.206602,0.000296
paolakinck,7,0.687500,1.630753,0.460097,0.864046,6,0.403949,0.028754,0.001622,0.000416,0.088410,0.003313,0.460097,0.013440
alexharritonov,2,0.685960,1.593312,0.679926,0.773732,0,0.679926,0.078193,0.000528,0.093806,0.000298,0.093706,0.020938,0.032604
iancalh0un,2,0.685199,1.548052,0.461906,0.911033,1,0.028255,0.461906,0.449127,0.005650,0.006681,0.018193,0.024429,0.005759
stanleyparris,5,0.684732,1.675737,0.502390,0.796909,0,0.502390,0.294519,0.000965,0.000461,0.000545,0.148031,0.052619,0.000470
crystal1johnson,13,0.684494,1.630818,0.643146,0.762257,1,0.113752,0.643146,0.119111,0.000533,0.000630,0.038413,0.083871,0.000543
youjustctrlc,5,0.684306,1.662930,0.568371,0.772997,0,0.568371,0.204626,0.000977,0.000467,0.000552,0.096296,0.128235,0.000476
elpasotopnews,3,0.682024,1.693556,0.601204,0.769548,5,0.164254,0.024342,0.168344,0.005562,0.006577,0.601204,0.024048,0.005670
_billy_moyer_,15,0.682011,1.704140,0.565126,0.851557,1,0.014400,0.565126,0.042571,0.000257,0.032957,0.049341,0.286431,0.008917
bocharnikov_v,2,0.680395,1.650529,0.580905,0.742497,0,0.580905,0.160044,0.000566,0.161592,0.000320,0.095129,0.001169,0.000276
imaswerve,4,0.680195,1.594418,0.449787,0.793478,0,0.449787,0.343691,0.002350,0.001123,0.001327,0.003615,0.196964,0.001144
peytoncashout,4,0.679308,1.694738,0.489633,0.781064,6,0.175718,0.291431,0.001099,0.004042,0.000621,0.036920,0.489633,0.000535
realrobert1987,4,0.679117,1.569200,0.485054,0.745353,0,0.485054,0.002274,0.001088,0.000520,0.000614,0.001673,0.260298,0.248479
notballinyet,4,0.678423,1.681679,0.456298,0.814998,6,0.140251,0.358699,0.002336,0.001116,0.001320,0.038842,0.456298,0.001138
eliasbrick,5,0.677426,1.698881,0.535907,0.769912,0,0.535907,0.234005,0.000636,0.000304,0.000359,0.137468,0.091012,0.000309
gffgfsfgfsdffjj,2,0.676235,1.716302,0.484783,0.808275,4,0.015190,0.323492,0.006359,0.003038,0.484783,0.150906,0.013135,0.003097
internalmemer,3,0.674381,1.730202,0.481361,0.785874,0,0.481361,0.304512,0.155576,0.000167,0.000198,0.009584,0.048430,0.000171
arturburanof,2,0.673713,1.605089,0.451277,0.762191,0,0.451277,0.003845,0.001839,0.000879,0.001039,0.310914,0.229312,0.000896
blackeyeblog,3,0.672507,1.617922,0.452677,0.761683,1,0.309006,0.452677,0.002543,0.001215,0.001436,0.003911,0.227974,0.001238
houstontopnews,3,0.671842,1.743752,0.488528,0.822720,5,0.334191,0.088637,0.054630,0.000197,0.000232,0.488528,0.033383,0.000200
cynthiamhunter,7,0.670255,1.697396,0.452415,0.777732,0,0.452415,0.325317,0.004219,0.000800,0.005789,0.016970,0.193509,0.000981
hiimkhloe,25,0.670237,1.772218,0.586689,0.776405,1,0.045925,0.586689,0.189716,0.000357,0.011616,0.051222,0.113864,0.000610
austinlovesbeer,4,0.666095,1.752834,0.559053,0.751613,1,0.192560,0.559053,0.112258,0.000734,0.000868,0.121398,0.012382,0.000748
chicagodailynew,8,0.665839,1.729429,0.573891,0.740145,5,0.120468,0.126923,0.166254,0.001598,0.000803,0.573891,0.009370,0.000693
johnbranchh,24,0.665636,1.805850,0.547874,0.775418,1,0.019033,0.547874,0.227544,0.000253,0.001753,0.084196,0.109277,0.010070
kaydenmelton,3,0.665506,1.805035,0.510021,0.788034,0,0.510021,0.118171,0.001683,0.000804,0.000950,0.278013,0.057553,0.032805
blacktivists,6,0.662714,1.791513,0.527569,0.743266,1,0.164407,0.527569,0.215697,0.002187,0.002586,0.007043,0.078281,0.002230
bigseanbeast,5,0.662638,1.808667,0.559317,0.763522,1,0.204205,0.559317,0.077738,0.001648,0.001949,0.036871,0.116592,0.001680
russianallies,1,0.657395,1.615724,0.712821,0.780497,3,0.067676,0.059244,0.028337,0.712821,0.016006,0.043589,0.058527,0.013799
detroitdailynew,6,0.655207,1.753075,0.424413,0.751889,5,0.327476,0.045713,0.198945,0.000459,0.000543,0.424413,0.001984,0.000468
trayneshacole,10,0.655061,1.826701,0.574004,0.761951,6,0.048360,0.187947,0.084517,0.095763,0.001834,0.004995,0.574004,0.002579
liljordamn,5,0.654876,1.806333,0.487186,0.740437,1,0.253251,0.487186,0.090329,0.000291,0.000344,0.161245,0.007057,0.000297
ericarutter,2,0.654273,1.837641,0.487114,0.748037,2,0.007534,0.006594,0.487114,0.068404,0.001782,0.166114,0.260924,0.001536
maximgaron1,2,0.654226,1.843549,0.497006,0.802557,5,0.025055,0.021929,0.305550,0.005011,0.005925,0.497006,0.021664,0.117860
ilovesarahrich,4,0.652878,1.856439,0.509298,0.756179,0,0.509298,0.246881,0.039203,0.000364,0.000431,0.153105,0.040069,0.010649
patriototus,6,0.651100,1.694394,0.381097,0.755080,6,0.373984,0.219733,0.001198,0.000572,0.000677,0.022157,0.381097,0.000583
blacktolive,8,0.650707,1.849328,0.537643,0.749802,1,0.119326,0.537643,0.082243,0.000823,0.000973,0.045995,0.212159,0.000838
errivvvvers,4,0.649872,1.780800,0.466555,0.705130,1,0.230905,0.466555,0.000993,0.000475,0.002898,0.059115,0.238575,0.000484
jeblary2016,8,0.649520,1.627611,0.409708,0.704254,0,0.409708,0.294546,0.001659,0.000793,0.000937,0.002553,0.288996,0.000808
jadonhutchinson,5,0.645772,1.856010,0.449234,0.806401,1,0.357168,0.449234,0.043125,0.001538,0.094082,0.043762,0.009523,0.001568
aldrich420,5,0.644452,1.888358,0.470220,0.778054,6,0.307834,0.046404,0.006902,0.000768,0.120587,0.002473,0.470220,0.044811
cliftonhughes_,4,0.643843,1.813655,0.426898,0.731082,1,0.194504,0.426898,0.001490,0.000712,0.000841,0.070645,0.304184,0.000725
drmichaelgarcia,5,0.643740,1.855267,0.495781,0.704968,1,0.195586,0.495781,0.077237,0.000665,0.000786,0.020080,0.209187,0.000678
adamchapmanjr,4,0.643335,1.807057,0.540306,0.703122,0,0.540306,0.162816,0.001851,0.009985,0.001046,0.135874,0.147220,0.000902
logan_whatsup,12,0.643186,1.781072,0.624745,0.736306,1,0.090633,0.624745,0.073536,0.000892,0.001055,0.111561,0.080090,0.017489
lynsrodriguez,3,0.642677,1.828630,0.434255,0.730664,6,0.011784,0.220061,0.296409,0.024711,0.002787,0.007590,0.434255,0.002403
novostidamask,3,0.642162,1.746095,0.436399,0.870079,3,0.032162,0.028155,0.013467,0.436399,0.007607,0.020715,0.027814,0.433681
denn_nikitin,2,0.642101,1.882065,0.438884,0.760973,4,0.066245,0.322090,0.005686,0.002717,0.438884,0.149865,0.011745,0.002769
6druz,2,0.642079,1.882138,0.438845,0.760965,4,0.066284,0.322120,0.005686,0.002717,0.438845,0.149834,0.011745,0.002769
maxdementiev,4,0.641785,1.833471,0.522523,0.839120,3,0.039826,0.034864,0.016676,0.522523,0.009419,0.025652,0.034442,0.316598
southlonestar,13,0.641664,1.811266,0.413443,0.814684,6,0.401240,0.078077,0.047873,0.000675,0.000798,0.057206,0.413443,0.000688
karenparker93,4,0.641074,1.866564,0.473973,0.705171,0,0.473973,0.231198,0.002056,0.000982,0.065404,0.017180,0.208205,0.001001
tessyelmore,4,0.639980,1.885031,0.503790,0.733388,0,0.503790,0.128986,0.229598,0.001855,0.010493,0.115366,0.008021,0.001891
deusxyx,7,0.639355,1.898466,0.459901,0.729173,6,0.269272,0.185415,0.001772,0.000847,0.014595,0.011472,0.459901,0.056727
wadeharriot,9,0.636916,1.812341,0.385154,0.735887,0,0.385154,0.012836,0.001834,0.000876,0.218222,0.002821,0.350733,0.027524
claypaigeboo,4,0.636796,1.863566,0.559361,0.710553,0,0.559361,0.132047,0.100239,0.001313,0.001553,0.151192,0.052956,0.001339
warfareww,5,0.633907,1.837541,0.401298,0.741707,6,0.001935,0.156497,0.098621,0.000387,0.000458,0.340409,0.401298,0.000395
ravenicholson,4,0.633484,1.875559,0.420275,0.771731,0,0.420275,0.351455,0.000818,0.000391,0.000462,0.100491,0.025705,0.100402
itstimetosecede,5,0.633298,1.774359,0.387552,0.696449,0,0.387552,0.308897,0.022941,0.000876,0.001035,0.008406,0.269400,0.000893
robertebonyking,4,0.630736,1.670615,0.357146,0.690272,6,0.299325,0.333126,0.002557,0.001222,0.001445,0.003934,0.357146,0.001245
maymaymyy,4,0.628357,1.862060,0.407192,0.712833,0,0.407192,0.187830,0.001319,0.000630,0.000745,0.095999,0.305641,0.000642
baobaeham,12,0.627941,1.935916,0.457005,0.714043,1,0.086041,0.457005,0.257038,0.000445,0.000958,0.033167,0.164893,0.000453
wonderhann,4,0.626849,1.867734,0.423358,0.679254,1,0.004701,0.423358,0.001968,0.000940,0.240802,0.071377,0.255896,0.000958
romangorolov,2,0.626006,1.839461,0.495061,0.671985,0,0.495061,0.174374,0.001217,0.148629,0.000688,0.176923,0.002514,0.000593
ameliebaldwin,9,0.625126,1.895544,0.390187,0.720785,0,0.390187,0.210161,0.024959,0.000324,0.036358,0.007083,0.330598,0.000330
queennarielle,4,0.624375,1.820917,0.392538,0.677445,0,0.392538,0.276876,0.020742,0.000643,0.000761,0.022877,0.284907,0.000656
gloed_up,15,0.623921,1.903037,0.474950,0.687909,1,0.133002,0.474950,0.212959,0.001190,0.001407,0.009574,0.165703,0.001213
cannonsher,5,0.622551,1.971393,0.428365,0.751105,0,0.428365,0.322740,0.001147,0.013051,0.000648,0.129455,0.037689,0.066905
onemightyfish,5,0.622189,1.966577,0.501445,0.709718,0,0.501445,0.208273,0.009960,0.000497,0.000587,0.152705,0.065371,0.061162
randolphburrr,6,0.621411,1.988579,0.450454,0.760185,0,0.450454,0.309731,0.018430,0.000702,0.013300,0.118856,0.024471,0.064057
jerstoner,4,0.621245,1.892175,0.411175,0.706682,6,0.170991,0.295507,0.001917,0.000916,0.001083,0.117477,0.411175,0.000934
russilanrogov,2,0.619216,1.887432,0.419042,0.674764,3,0.215767,0.002020,0.000966,0.419042,0.000546,0.105466,0.255722,0.000471
cassieweltch,27,0.619126,2.000405,0.487978,0.757522,1,0.006124,0.487978,0.269544,0.073334,0.003655,0.050704,0.017161,0.091500
samirgooden,5,0.618974,1.937872,0.390167,0.725000,1,0.175472,0.390167,0.000903,0.000431,0.000510,0.034683,0.334834,0.063001
corynaenae,4,0.617322,1.872419,0.369556,0.732690,0,0.369556,0.143980,0.001750,0.000836,0.000988,0.118904,0.363133,0.000852
muslims_in_usa,4,0.617133,1.942149,0.413394,0.698546,6,0.190129,0.285151,0.005832,0.002786,0.003294,0.096574,0.413394,0.002840
micparrish,13,0.616791,1.964695,0.509887,0.697742,1,0.017182,0.509887,0.132009,0.008059,0.001501,0.132057,0.187855,0.011449
shocko_10,3,0.615993,1.694760,0.331588,0.662783,0,0.331588,0.004942,0.002363,0.323791,0.001335,0.003636,0.331195,0.001151
rh0lbr00k,5,0.615553,1.920513,0.404661,0.693798,0,0.404661,0.185166,0.002202,0.001052,0.113323,0.003387,0.289137,0.001072
watchmewalkin,6,0.615405,1.963053,0.400045,0.759126,1,0.359082,0.400045,0.040893,0.006698,0.001101,0.104713,0.086519,0.000949
carriethornthon,8,0.615343,1.978518,0.392403,0.748468,6,0.356064,0.070308,0.009772,0.021722,0.141593,0.003881,0.392403,0.004256
maksblaginin,1,0.614859,1.951589,0.498016,0.676902,0,0.498016,0.177619,0.078169,0.065509,0.000327,0.178885,0.001194,0.000282
toneporter,5,0.614694,1.977674,0.496378,0.697824,3,0.065795,0.002575,0.001231,0.496378,0.000696,0.087708,0.201446,0.144171
wokefromday1,5,0.614040,1.919381,0.438940,0.684339,1,0.141730,0.438940,0.003161,0.001510,0.001786,0.165934,0.245399,0.001539
dontshootcom,4,0.612447,1.912135,0.395474,0.670819,1,0.275345,0.395474,0.225627,0.001024,0.001211,0.003298,0.096977,0.001044
bigboysneed,4,0.611697,1.959704,0.385111,0.733954,1,0.348843,0.385111,0.038218,0.000392,0.000464,0.090892,0.135681,0.000400
imissobama,6,0.611636,2.000576,0.480715,0.712532,1,0.231817,0.480715,0.061844,0.005058,0.001096,0.098735,0.119790,0.000945
bricegeller,4,0.610506,1.995886,0.527173,0.693403,0,0.527173,0.166230,0.003146,0.001503,0.125297,0.048935,0.016433,0.111283
pigeontoday,9,0.609132,1.971926,0.526549,0.684337,6,0.157788,0.108256,0.132382,0.002581,0.003051,0.066763,0.526549,0.002630
lagonehoe,5,0.608856,1.836931,0.348789,0.655728,0,0.348789,0.306940,0.298909,0.001726,0.002041,0.032371,0.007464,0.001760
garrettsimpson_,19,0.607585,1.992585,0.375792,0.745824,1,0.152254,0.375792,0.026769,0.000570,0.050079,0.013210,0.370033,0.011295
cornellburchet,6,0.606809,1.919390,0.369701,0.700920,6,0.167814,0.331219,0.002203,0.001052,0.001244,0.125695,0.369701,0.001073
dailylosangeles,5,0.606220,1.970379,0.377225,0.731418,5,0.145285,0.354193,0.065001,0.000349,0.000413,0.377225,0.057177,0.000356
camosaseko,6,0.605121,2.011233,0.412967,0.728462,0,0.412967,0.315495,0.002849,0.001361,0.001610,0.132208,0.065640,0.067870
jery_robertsyo,5,0.604512,2.004925,0.452858,0.656753,0,0.452858,0.203895,0.008180,0.000279,0.000330,0.199417,0.029267,0.105774
johnnymarch_,3,0.601928,1.923749,0.352520,0.682741,5,0.200440,0.330221,0.001951,0.000932,0.001102,0.352520,0.111884,0.000950
evewebster373,15,0.599748,2.024502,0.468807,0.660777,1,0.039757,0.468807,0.167332,0.000276,0.006386,0.191970,0.123783,0.001689
robbydelaware,5,0.599317,1.887591,0.332638,0.654477,6,0.265191,0.075958,0.001729,0.000826,0.000977,0.321839,0.332638,0.000842
jeffreykahunas,22,0.598816,2.035783,0.373786,0.732921,1,0.152641,0.373786,0.036372,0.001085,0.053059,0.015471,0.359135,0.008451
kateritterrrr,9,0.597333,2.065795,0.442880,0.673521,0,0.442880,0.230641,0.097480,0.000987,0.016542,0.008027,0.181984,0.021458
blk_voice,8,0.596211,2.001595,0.522942,0.667177,1,0.132685,0.522942,0.144234,0.009376,0.001124,0.109532,0.079138,0.000969
edmundrjr,1,0.595826,1.927850,0.380674,0.654095,2,0.197310,0.000910,0.380674,0.000208,0.000246,0.273421,0.147018,0.000212
chesplayschess,5,0.593541,2.048214,0.428049,0.646053,0,0.428049,0.217658,0.004872,0.000909,0.086095,0.002928,0.218004,0.041484
archieolivers,7,0.593440,2.049357,0.380769,0.695499,0,0.380769,0.314730,0.002033,0.000971,0.050918,0.003127,0.169147,0.078305
datwisenigga,14,0.592312,2.017411,0.374092,0.722050,2,0.113863,0.347958,0.374092,0.000744,0.000879,0.055798,0.105908,0.000758
mihanovikov,2,0.591823,1.938026,0.339914,0.652711,0,0.339914,0.113010,0.001042,0.312797,0.000589,0.229988,0.002153,0.000507
taraformation,4,0.590299,1.927547,0.354768,0.623348,0,0.354768,0.002036,0.106972,0.000465,0.000550,0.268580,0.266154,0.000474
blacneighbor,3,0.589887,1.958304,0.367992,0.625945,0,0.367992,0.257953,0.111594,0.001196,0.001414,0.003850,0.254783,0.001219
regieblackmon,5,0.589830,1.953150,0.371895,0.648820,0,0.371895,0.276925,0.000904,0.000432,0.000511,0.196722,0.001868,0.150742
meggieoneil,2,0.589064,2.092398,0.430156,0.687580,1,0.007252,0.430156,0.003036,0.066695,0.001715,0.257425,0.148104,0.085618
happkendrahappy,9,0.589039,1.957354,0.329570,0.645650,0,0.329570,0.258903,0.003195,0.001527,0.082718,0.006452,0.316080,0.001556
adrgreerr,4,0.588692,2.061599,0.420311,0.689879,6,0.118422,0.269568,0.002042,0.000976,0.061010,0.126677,0.420311,0.000994
blacknewsoutlet,10,0.587589,2.008584,0.342507,0.661014,1,0.318507,0.342507,0.240121,0.001604,0.001897,0.039187,0.054542,0.001635
kelvin_chambers,6,0.587385,2.095124,0.415133,0.694266,0,0.415133,0.139846,0.003825,0.001828,0.063414,0.005885,0.279134,0.090936
paulinett,13,0.586454,2.087624,0.457166,0.654705,1,0.197540,0.457166,0.166682,0.000421,0.000498,0.111515,0.048095,0.018085
ramonasnails,6,0.586162,1.957019,0.352276,0.622920,0,0.352276,0.261323,0.002688,0.001284,0.001519,0.270644,0.108957,0.001309
jenn_abrams,24,0.585390,2.117170,0.500789,0.694610,6,0.137311,0.193821,0.059863,0.011494,0.008465,0.059094,0.500789,0.029162
jassscott,5,0.584135,2.068082,0.389483,0.672814,0,0.389483,0.173488,0.065879,0.000656,0.000775,0.085719,0.283331,0.000668
leroylovesusa,21,0.582796,2.119825,0.407135,0.700177,1,0.166602,0.407135,0.017837,0.000545,0.050872,0.040717,0.293042,0.023250
pamblmdaniels,6,0.581738,2.087881,0.386126,0.696363,1,0.310237,0.386126,0.057585,0.007180,0.000866,0.125628,0.111631,0.000747
emileewaren,14,0.581384,2.072039,0.350404,0.665195,6,0.217821,0.314791,0.037784,0.000057,0.063328,0.012380,0.350404,0.003435
alecmooooody,5,0.581186,2.061347,0.450602,0.669634,0,0.450602,0.219032,0.123931,0.000697,0.000824,0.121715,0.082487,0.000711
cookncooks,14,0.577598,2.090117,0.378556,0.630115,1,0.239534,0.378556,0.028962,0.000319,0.084206,0.012903,0.251559,0.003961
beckster319,6,0.577365,2.088475,0.401291,0.639196,1,0.237905,0.401291,0.192360,0.000918,0.001086,0.053932,0.111572,0.000936
nehemiahx,4,0.577270,2.035251,0.371073,0.629394,6,0.204102,0.258321,0.015273,0.001020,0.001206,0.147965,0.371073,0.001040
hollandpatrickk,20,0.576244,2.102596,0.523379,0.711595,1,0.084433,0.523379,0.063995,0.000388,0.072925,0.039513,0.188216,0.027152
bigboyjasiah,5,0.576237,2.073943,0.376126,0.633315,6,0.213065,0.257189,0.046832,0.000429,0.000507,0.105417,0.376126,0.000437
heyits_toby,27,0.575759,2.114967,0.495685,0.726693,1,0.083229,0.495685,0.071402,0.000223,0.039933,0.043526,0.231008,0.034994
prettylaraplace,8,0.575723,2.120569,0.419060,0.674510,0,0.419060,0.081512,0.003326,0.001589,0.142887,0.005116,0.255451,0.091060
mrmoraan,5,0.574749,2.134297,0.391033,0.660998,6,0.176377,0.269965,0.015880,0.000737,0.000871,0.092046,0.391033,0.053092
nataturn,4,0.574334,2.111010,0.476122,0.655284,1,0.047138,0.476122,0.039888,0.000129,0.118964,0.179162,0.138466,0.000131
hollydler,9,0.574098,2.004580,0.360275,0.614699,0,0.360275,0.254424,0.003666,0.000405,0.153778,0.002340,0.223005,0.002107
orrclay,2,0.573429,2.056485,0.361120,0.624159,6,0.008751,0.263039,0.003663,0.223563,0.002069,0.005635,0.361120,0.132160
gallowayeliana,5,0.572564,2.074704,0.471346,0.644061,1,0.144696,0.471346,0.172715,0.001574,0.001861,0.107125,0.099079,0.001604
iiddaamarks,5,0.572081,2.090339,0.367422,0.644923,0,0.367422,0.277501,0.000729,0.000348,0.000412,0.088024,0.200354,0.065210
hyddrox,11,0.571990,2.153417,0.389927,0.659657,0,0.389927,0.185834,0.018893,0.004944,0.078635,0.051217,0.269730,0.000820
jaydaastonishin,5,0.570786,2.063182,0.368473,0.622436,0,0.368473,0.150685,0.201136,0.000899,0.001063,0.253963,0.022866,0.000916
fightm_d_b,3,0.570594,2.087823,0.371299,0.681540,6,0.310241,0.120778,0.000855,0.000408,0.000483,0.124362,0.371299,0.071573
rosieonfleek,5,0.568221,2.097421,0.359600,0.671055,0,0.359600,0.064631,0.121388,0.000564,0.000667,0.141120,0.311455,0.000575
dorothiebell,14,0.567222,2.093613,0.321354,0.638960,6,0.234526,0.317606,0.036083,0.000326,0.077763,0.009501,0.321354,0.002841
mrclydepratt,12,0.565085,2.076033,0.338655,0.604634,1,0.097171,0.338655,0.259052,0.001286,0.001373,0.035300,0.265980,0.001183
_nickluna_,21,0.562098,2.195100,0.389776,0.664226,1,0.170217,0.389776,0.028143,0.000096,0.043111,0.080782,0.274450,0.013424
antonhayhay,5,0.561823,2.058340,0.338736,0.602051,0,0.338736,0.263315,0.020017,0.000408,0.000483,0.228317,0.148308,0.000416
catelinewatkins,4,0.561069,2.149376,0.361376,0.645473,7,0.087184,0.072278,0.002695,0.284097,0.001522,0.004146,0.186702,0.361376
donnabrivera,9,0.560275,2.194896,0.440245,0.663176,0,0.440245,0.222931,0.004724,0.001294,0.070544,0.038402,0.141199,0.080661
c__wells,16,0.558747,2.193037,0.468107,0.681200,1,0.071942,0.468107,0.078764,0.000412,0.026800,0.113410,0.213093,0.027472
imapharrelfake,8,0.558566,2.188842,0.410636,0.691404,1,0.280768,0.410636,0.098649,0.004742,0.004605,0.078123,0.098847,0.023628
j0hnlarsen,7,0.554129,2.203005,0.367184,0.628137,0,0.367184,0.260952,0.004639,0.020248,0.093816,0.004408,0.206929,0.041824
jamie_mccarthy_,11,0.553900,2.206487,0.462186,0.646111,1,0.068938,0.462186,0.157572,0.000213,0.019587,0.073665,0.183925,0.033913
janelperkinson,4,0.553742,1.992092,0.309303,0.581198,1,0.271896,0.309303,0.000990,0.000473,0.000559,0.167579,0.248717,0.000482
finnaglo,5,0.552603,2.130787,0.327760,0.611458,0,0.327760,0.283699,0.224050,0.000904,0.001069,0.055794,0.105803,0.000922
mr_clampin,14,0.548027,2.194045,0.375832,0.675347,1,0.002711,0.375832,0.299515,0.092549,0.000130,0.093414,0.023022,0.112827
patriotblake,13,0.547257,2.131172,0.306002,0.592403,1,0.286401,0.306002,0.039866,0.001181,0.076187,0.013703,0.275048,0.001612
cookiiieeessss,3,0.546797,2.137848,0.342069,0.596663,6,0.148368,0.254593,0.048454,0.000496,0.000587,0.204926,0.342069,0.000506
alexsvladimirov,2,0.545195,2.154254,0.344657,0.589519,0,0.344657,0.060290,0.001390,0.122121,0.000785,0.225217,0.244862,0.000677
cassishere,11,0.543200,2.171291,0.311948,0.604157,0,0.311948,0.230369,0.022111,0.001366,0.121070,0.008405,0.292209,0.012521
patriotraphael,25,0.542741,2.248297,0.421138,0.680369,1,0.118954,0.421138,0.039944,0.000169,0.076848,0.050924,0.259231,0.032792
johnieboycooks,4,0.542685,2.167149,0.343638,0.615149,1,0.271511,0.343638,0.105217,0.000686,0.000811,0.087082,0.190355,0.000699
blmsoldier,5,0.540412,2.124212,0.435417,0.610601,6,0.175184,0.134288,0.128939,0.000497,0.000587,0.124581,0.435417,0.000506
puredavie,23,0.539815,2.229984,0.481816,0.666642,1,0.051555,0.481816,0.184826,0.086863,0.001008,0.052214,0.034550,0.107168
ogdeandre,5,0.539070,2.106185,0.329540,0.576131,0,0.329540,0.246591,0.028874,0.000255,0.000301,0.205752,0.188426,0.000260
brianaregland,8,0.536912,2.152225,0.429265,0.591557,1,0.162292,0.429265,0.138980,0.001585,0.001436,0.108750,0.156453,0.001238
blackmattersus,8,0.534640,2.171631,0.399780,0.583543,1,0.183763,0.399780,0.150848,0.000998,0.001180,0.090655,0.171756,0.001018
nojonathonno,5,0.526681,2.186833,0.311985,0.614000,1,0.302015,0.311985,0.083092,0.000606,0.000717,0.155546,0.145420,0.000618
javonhidp,5,0.522455,2.177046,0.332346,0.551328,5,0.170236,0.218982,0.059564,0.000356,0.000421,0.332346,0.217733,0.000363
politweecs,11,0.521674,2.255977,0.348939,0.660235,0,0.348939,0.105731,0.071070,0.000470,0.000556,0.311296,0.105025,0.056912
brianthelifter,4,0.518917,2.168472,0.291074,0.549272,1,0.168854,0.291074,0.043021,0.000775,0.000916,0.258199,0.236371,0.000790
jacquelinisbest,15,0.518536,2.297244,0.329618,0.601749,1,0.199935,0.329618,0.085950,0.000622,0.076815,0.009744,0.272131,0.025185
judelambertusa,23,0.516716,2.304108,0.432468,0.656457,1,0.115603,0.432468,0.073275,0.000215,0.041647,0.057287,0.223989,0.055516
johnievogue,4,0.514293,2.045210,0.285884,0.523489,6,0.234022,0.237604,0.002264,0.001082,0.001279,0.236763,0.285884,0.001102
damanimiles,4,0.512606,2.214739,0.340046,0.563880,0,0.340046,0.159497,0.095128,0.000297,0.000351,0.180544,0.223834,0.000303
entatjanamax,5,0.512065,2.251727,0.309660,0.559181,0,0.309660,0.088342,0.249521,0.000554,0.014948,0.242385,0.094025,0.000565
gwennythot,6,0.511620,2.297844,0.339132,0.564013,1,0.224881,0.339132,0.033532,0.001302,0.001540,0.124977,0.215425,0.059210
laurabaeley,19,0.504744,2.374420,0.368145,0.626007,1,0.150317,0.368145,0.034771,0.006875,0.046424,0.098975,0.257862,0.036632
priceforpierce,21,0.503975,2.365501,0.383773,0.649619,1,0.139572,0.383773,0.040487,0.010579,0.046088,0.050731,0.265846,0.062924
evagreen69,29,0.500901,2.312478,0.368681,0.682393,1,0.073820,0.368681,0.079364,0.000387,0.045166,0.065559,0.313712,0.053311
acejinev,5,0.499804,2.234043,0.327484,0.577347,1,0.249863,0.327484,0.147939,0.000421,0.000498,0.146435,0.126930,0.000430
zzzacharyzzz,5,0.496311,2.320534,0.309082,0.559571,0,0.309082,0.198883,0.053411,0.000412,0.000488,0.144565,0.250489,0.042670
chadsloyer,6,0.494994,2.352473,0.401297,0.571319,0,0.401297,0.170022,0.048932,0.011382,0.001296,0.147604,0.145098,0.074370
donnielmiller,3,0.494980,2.351744,0.312291,0.610134,2,0.051406,0.151163,0.312291,0.002559,0.003026,0.081673,0.297843,0.100039
jihadist2ndwife,5,0.493140,2.305531,0.285876,0.551109,0,0.285876,0.265233,0.073852,0.050148,0.002058,0.061514,0.259545,0.001774
notritahart,14,0.492231,2.333036,0.314731,0.617911,2,0.001460,0.303180,0.314731,0.080359,0.000345,0.088275,0.069053,0.142597
marissaimstrong,7,0.492221,2.314193,0.323944,0.544761,0,0.323944,0.165063,0.003441,0.001644,0.184265,0.011123,0.220818,0.089702
lazykstafford,27,0.482259,2.407443,0.372686,0.615731,1,0.133889,0.372686,0.076274,0.000422,0.047204,0.045544,0.243045,0.080937
stanley_cox_,8,0.475782,2.377903,0.295348,0.571063,0,0.295348,0.120483,0.003552,0.022175,0.158935,0.005464,0.275715,0.118328
melvinsroberts,11,0.468039,2.389203,0.360207,0.542309,1,0.001787,0.360207,0.182102,0.104076,0.000355,0.136757,0.058842,0.155874
ryanmaxwell_1,23,0.466627,2.418040,0.316324,0.624082,1,0.109100,0.316324,0.076439,0.000149,0.066933,0.091236,0.307758,0.032061
westernwindwes,21,0.465292,2.441242,0.346494,0.569845,6,0.138997,0.223351,0.023902,0.000284,0.107642,0.117564,0.346494,0.041766
mil0blake,22,0.464051,2.456390,0.333236,0.621435,1,0.128910,0.333236,0.047854,0.008277,0.054163,0.075545,0.288199,0.063816
danageezus,15,0.463172,2.472204,0.299208,0.586011,2,0.012341,0.286803,0.299208,0.162866,0.022172,0.071747,0.097972,0.046891
michellearry,25,0.460635,2.460828,0.352260,0.605531,1,0.122032,0.352260,0.079933,0.002229,0.044963,0.085775,0.253271,0.059537
queenofthewo,14,0.452688,2.420471,0.294851,0.563740,2,0.001920,0.268889,0.294851,0.134855,0.000254,0.105831,0.066913,0.126488
hellieedwards,5,0.452113,2.406250,0.290514,0.503152,7,0.066439,0.058436,0.000863,0.199482,0.000487,0.212638,0.171141,0.290514
kathiemrr,15,0.449033,2.481216,0.310248,0.569664,2,0.028771,0.259415,0.310248,0.087381,0.000325,0.090977,0.067111,0.155772
daileyjadon,11,0.444995,2.470012,0.306069,0.526031,1,0.060620,0.306069,0.179055,0.103916,0.000205,0.119763,0.010409,0.219962
jeannemccarthy0,23,0.437296,2.498820,0.356047,0.594572,1,0.105499,0.356047,0.073641,0.003117,0.053700,0.088815,0.238525,0.080656
traceyhappymom,10,0.431597,2.415913,0.274938,0.477120,7,0.019183,0.202183,0.145780,0.199666,0.000143,0.152195,0.005913,0.274938
amandavgreen,6,0.427517,2.461310,0.325054,0.502775,7,0.089605,0.143283,0.001413,0.177721,0.000798,0.098010,0.164115,0.325054
dickyirwin,5,0.424421,2.463071,0.319744,0.499541,7,0.101784,0.126850,0.000980,0.175459,0.000553,0.094833,0.179797,0.319744
jani_s_jac,8,0.424130,2.507473,0.290919,0.489811,0,0.290919,0.198892,0.194854,0.001269,0.023451,0.124374,0.131707,0.034535
jasper_fly,11,0.421780,2.518617,0.282523,0.515349,1,0.028177,0.282523,0.232826,0.124766,0.000203,0.129651,0.039283,0.162571
giselleevns,11,0.412569,2.526887,0.387122,0.526070,1,0.019160,0.387122,0.119565,0.120827,0.016877,0.087323,0.110178,0.138948
dannythehappies,8,0.395537,2.585661,0.261703,0.499055,3,0.025189,0.126139,0.237352,0.261703,0.002533,0.102924,0.166427,0.077733
aiden7757,6,0.394467,2.590948,0.271199,0.488604,6,0.037842,0.101766,0.148695,0.217405,0.001661,0.056677,0.271199,0.164754
cascaseyp,5,0.394154,2.507784,0.249131,0.472126,6,0.116389,0.116776,0.001000,0.222995,0.000565,0.096087,0.249131,0.197057
calebpaar,7,0.391099,2.598849,0.269119,0.497134,2,0.071685,0.094404,0.269119,0.156626,0.001500,0.037281,0.228015,0.141370
jmscoxxx,5,0.377189,2.596146,0.235981,0.470781,6,0.145861,0.063182,0.167535,0.124426,0.000888,0.027326,0.235981,0.234801
holycrapchrix,5,0.354763,2.549238,0.218336,0.425735,7,0.148567,0.108196,0.000789,0.193027,0.000445,0.123240,0.207399,0.218336
dominicvalent,7,0.349385,2.653650,0.249229,0.474022,1,0.063430,0.249229,0.142571,0.134361,0.000311,0.119844,0.065462,0.224793
worldofhashtags,9,0.347554,2.662591,0.243585,0.451892,6,0.062502,0.079897,0.208307,0.191502,0.000917,0.115608,0.243585,0.097682
bgarner2107,7,0.345019,2.623812,0.239900,0.450099,1,0.114146,0.239900,0.017306,0.134967,0.001307,0.153797,0.128377,0.210199
charlesjharper,7,0.339839,2.663923,0.243274,0.430651,7,0.162451,0.164003,0.187377,0.091607,0.002591,0.033472,0.115225,0.243274
hipppo_,6,0.337986,2.673596,0.259733,0.434239,6,0.159483,0.067926,0.088160,0.173060,0.001562,0.075571,0.259733,0.174506
brightandglory,6,0.332756,2.676133,0.239961,0.451819,1,0.075452,0.239961,0.053717,0.139509,0.001190,0.137038,0.141276,0.211857
bruciedublin,5,0.331592,2.646388,0.229476,0.431799,6,0.152859,0.113885,0.024648,0.156440,0.000353,0.120017,0.229476,0.202323
claudia42kern,6,0.326270,2.678926,0.277738,0.430223,7,0.080210,0.152485,0.140972,0.147215,0.002155,0.056769,0.142456,0.277738
adrienne_gg,6,0.321470,2.685530,0.252605,0.424062,7,0.112212,0.111357,0.153580,0.171457,0.001764,0.042473,0.154552,0.252605
gab1aldana,7,0.319766,2.739564,0.259490,0.450630,2,0.105282,0.046295,0.259490,0.121451,0.017490,0.148289,0.110563,0.191140
ilikebigbuttand,7,0.316007,2.678691,0.224534,0.419006,1,0.035205,0.224534,0.141683,0.123492,0.000443,0.115937,0.194472,0.164234
curtisbigman,6,0.299656,2.721355,0.242636,0.424745,7,0.093765,0.084165,0.160855,0.182109,0.000602,0.111926,0.123942,0.242636
loragreeen,9,0.298346,2.728660,0.237588,0.442134,6,0.100113,0.128241,0.110668,0.204546,0.002112,0.081465,0.237588,0.135267
chrixmorgan,10,0.293741,2.714362,0.194088,0.381562,7,0.092664,0.187474,0.178770,0.107706,0.001802,0.054875,0.182621,0.194088
kencannone,6,0.274637,2.748488,0.238718,0.405394,7,0.098049,0.107416,0.101123,0.166676,0.001691,0.126709,0.159617,0.238718
jarrardnorman,6,0.266712,2.748418,0.195120,0.381190,0,0.195120,0.110810,0.155383,0.186070,0.001103,0.064850,0.158297,0.128367
heyheyhailey,6,0.255766,2.760495,0.200058,0.367402,7,0.167344,0.114328,0.086767,0.166155,0.001075,0.099512,0.164761,0.200058
