user_id,post_count,gini_coefficient,shannon_entropy,top1_ratio,top2_ratio,dominant_topic,Topic_0,Topic_1,Topic_2,Topic_3,Topic_4,Topic_5,Topic_6,Topic_7,Topic_8,Topic_9,Topic_10,Topic_11
heyitsglor,1,0.905966,0.180745,0.982319,0.986725,5,0.000645,0.000616,0.001102,0.002751,0.000582,0.982319,0.000746,0.004405,0.000740,0.000619,0.001083,0.004392
washingtonline,19,0.898941,0.404755,0.945053,0.971354,7,0.000253,0.000241,0.001410,0.001418,0.000228,0.021567,0.000639,0.945053,0.000290,0.001795,0.000805,0.026301
oaklandonline,13,0.895056,0.487971,0.928137,0.979510,7,0.000465,0.001505,0.000795,0.003865,0.000420,0.051373,0.001242,0.928137,0.000534,0.000446,0.003093,0.008125
policestateme,1,0.889233,0.400614,0.954723,0.966025,5,0.001655,0.001580,0.002829,0.007063,0.001493,0.954723,0.001915,0.011302,0.001899,0.001588,0.002781,0.011172
luke_jones13,9,0.887146,0.567467,0.917802,0.971283,5,0.000236,0.002591,0.002878,0.004895,0.000213,0.917802,0.001524,0.053481,0.000271,0.003849,0.006709,0.005550
kansasdailynews,20,0.882812,0.673151,0.894241,0.944453,7,0.002310,0.001383,0.001294,0.004823,0.000444,0.050212,0.000680,0.894241,0.000917,0.000473,0.001002,0.042220
newspeakdaily,16,0.882250,0.770059,0.856074,0.951829,7,0.000084,0.000080,0.000374,0.005026,0.000249,0.095755,0.001018,0.856074,0.000096,0.000274,0.000323,0.040647
onlinecleveland,17,0.880722,0.709783,0.889093,0.935399,7,0.000110,0.000544,0.005374,0.011269,0.000693,0.043590,0.000127,0.889093,0.000126,0.002283,0.000486,0.046306
realten_gop,17,0.880712,0.725524,0.882437,0.958697,5,0.000647,0.000618,0.001106,0.003813,0.000584,0.882437,0.000749,0.076259,0.001571,0.017611,0.001796,0.012808
lgbtuni,2,0.877967,0.532875,0.936071,0.952116,5,0.002334,0.002229,0.003990,0.009960,0.002107,0.936071,0.002701,0.016045,0.002679,0.002240,0.003922,0.015721
zubovnik,1,0.874076,0.576430,0.929634,0.947293,5,0.002568,0.002453,0.004391,0.010960,0.002318,0.929634,0.002972,0.017660,0.002948,0.002465,0.004316,0.017315
anzgri,1,0.873992,0.577500,0.929461,0.947109,5,0.002571,0.002456,0.004396,0.010972,0.002321,0.929461,0.002976,0.017648,0.002951,0.002468,0.004321,0.017461
patriototus,15,0.873845,0.773985,0.881273,0.929590,5,0.000749,0.000715,0.018032,0.006801,0.000676,0.881273,0.000867,0.038923,0.000860,0.001530,0.001258,0.048317
redlanews,15,0.872889,0.733566,0.893785,0.946630,5,0.001386,0.001122,0.002363,0.006539,0.006270,0.893785,0.001360,0.052845,0.005040,0.003636,0.001974,0.023679
batonrougevoice,17,0.870869,0.821047,0.871768,0.933353,7,0.000586,0.000560,0.001217,0.015769,0.000529,0.061585,0.030082,0.871768,0.001085,0.001484,0.001600,0.013735
yattvrussia,1,0.868831,0.634182,0.920869,0.940854,5,0.002884,0.002754,0.004930,0.012305,0.002603,0.920869,0.003337,0.019985,0.003310,0.002768,0.004846,0.019410
williams_diana_,1,0.868804,0.633420,0.921025,0.940733,5,0.002888,0.002758,0.004936,0.012322,0.002606,0.921025,0.003342,0.019708,0.003314,0.002772,0.004852,0.019477
mmmdarya,1,0.867648,0.883107,0.835641,0.961640,5,0.001449,0.001384,0.002477,0.006182,0.125999,0.835641,0.001677,0.009924,0.001663,0.001391,0.002435,0.009778
neworleanson,13,0.867236,0.950886,0.823268,0.925638,7,0.000449,0.000429,0.001421,0.008099,0.000405,0.102370,0.000520,0.823268,0.007363,0.000431,0.000754,0.054491
dailysandiego,14,0.864806,0.972143,0.813587,0.918317,7,0.000583,0.000557,0.004974,0.003389,0.000526,0.104731,0.000675,0.813587,0.000670,0.002241,0.000980,0.067087
albertmorenmore,1,0.864018,0.784091,0.889766,0.938996,9,0.002311,0.002207,0.003951,0.009866,0.002086,0.049230,0.002675,0.015740,0.002653,0.889766,0.003884,0.015630
dailysanfran,18,0.863138,1.012940,0.790290,0.925622,7,0.000647,0.000618,0.001296,0.004223,0.000584,0.135332,0.000749,0.790290,0.000742,0.001021,0.001087,0.063411
ten_gop,47,0.861195,0.955714,0.837952,0.918661,5,0.000719,0.002588,0.003016,0.009378,0.002289,0.837952,0.000928,0.052815,0.000987,0.003286,0.005332,0.080710
missourinewsus,10,0.861174,1.033923,0.798276,0.928533,5,0.000724,0.000691,0.002508,0.022968,0.000653,0.798276,0.000838,0.130257,0.000831,0.000695,0.001217,0.040342
rightnpr,22,0.860800,0.880646,0.864654,0.937866,5,0.000916,0.001264,0.009662,0.005378,0.001104,0.864654,0.005839,0.073212,0.001051,0.011751,0.017024,0.008145
newarkvoice,16,0.860421,1.065417,0.762428,0.947036,7,0.000889,0.000819,0.000399,0.021449,0.000211,0.184609,0.003243,0.762428,0.000851,0.000224,0.000393,0.024485
darknally,8,0.859729,1.062809,0.716713,0.965481,7,0.000325,0.000311,0.005150,0.024635,0.000294,0.248767,0.000377,0.716713,0.000373,0.000312,0.000547,0.002195
todaycincinnati,12,0.858226,1.064687,0.786967,0.900668,7,0.000402,0.000384,0.002848,0.012117,0.000363,0.080287,0.000465,0.786967,0.000461,0.000386,0.001620,0.113701
pamela_moore13,38,0.857805,0.947999,0.851664,0.909065,5,0.001078,0.001069,0.005835,0.021688,0.000973,0.851664,0.003002,0.057401,0.001384,0.009358,0.002166,0.044382
stlouisonline,16,0.857678,0.898828,0.866332,0.913104,7,0.000442,0.007492,0.004976,0.024335,0.000399,0.046772,0.000511,0.866332,0.004491,0.005119,0.004271,0.034859
todaybostonma,15,0.855779,1.086577,0.787236,0.928847,7,0.004183,0.003034,0.002551,0.040957,0.000596,0.141610,0.001754,0.787236,0.000758,0.000634,0.002743,0.013943
worldnewspoli,5,0.852669,1.049224,0.670916,0.984520,5,0.000726,0.000693,0.001241,0.003098,0.000655,0.670916,0.001438,0.313604,0.000833,0.000697,0.001220,0.004878
puddin_leto,1,0.852470,0.983687,0.837881,0.933164,3,0.002887,0.002757,0.004935,0.837881,0.002606,0.095283,0.003341,0.019726,0.003314,0.002771,0.004851,0.019649
phoenixdailynew,20,0.851265,1.101045,0.793718,0.928875,7,0.010324,0.002651,0.004165,0.008665,0.000671,0.135157,0.001176,0.793718,0.010972,0.000714,0.001249,0.030539
march_for_trump,19,0.848286,1.089986,0.813717,0.886842,5,0.001205,0.001151,0.003970,0.013081,0.001088,0.813717,0.023419,0.073125,0.001384,0.001157,0.002026,0.064677
christinacrisss,1,0.847646,1.112365,0.667072,0.975715,5,0.000927,0.000885,0.001585,0.003957,0.000837,0.667072,0.001073,0.006335,0.308642,0.000890,0.001558,0.006239
williams8kalvin,2,0.847580,1.059539,0.810718,0.935921,5,0.003125,0.002984,0.005342,0.013334,0.002820,0.810718,0.003616,0.125203,0.003586,0.002999,0.005250,0.021023
southlonestar,33,0.846839,1.092247,0.815120,0.895594,5,0.001335,0.002467,0.004224,0.031425,0.001205,0.815120,0.003933,0.051046,0.001824,0.002332,0.004614,0.080474
usa_gunslinger,21,0.845356,1.053693,0.833321,0.903993,5,0.001024,0.000978,0.020764,0.022940,0.000924,0.833321,0.005704,0.070672,0.001479,0.001114,0.027577,0.013504
richmondvoice,12,0.843806,1.173012,0.778588,0.888185,7,0.000585,0.000559,0.003675,0.007785,0.000528,0.109597,0.006979,0.778588,0.007200,0.003756,0.002351,0.078399
itstimetosecede,11,0.843691,1.103556,0.814722,0.882346,5,0.001413,0.001350,0.043737,0.014575,0.001276,0.814722,0.001636,0.048314,0.001622,0.001357,0.002375,0.067624
israel_wills,1,0.843631,1.137611,0.644295,0.975505,5,0.000927,0.000886,0.001585,0.003958,0.000837,0.644295,0.001073,0.006354,0.001064,0.331210,0.001558,0.006252
staywoke88,9,0.842241,1.240864,0.731961,0.871547,5,0.000558,0.000533,0.000954,0.023662,0.000504,0.731961,0.000646,0.139586,0.000641,0.000536,0.000938,0.099482
specialaffair,21,0.841759,1.253704,0.738276,0.881821,7,0.002128,0.000938,0.001057,0.006014,0.001020,0.086516,0.000370,0.738276,0.001441,0.000766,0.017929,0.143544
zistti,1,0.841084,1.046618,0.838518,0.912938,0,0.838518,0.003145,0.005629,0.014049,0.002972,0.074420,0.003811,0.022904,0.003779,0.003161,0.005533,0.022080
lila_gorila,1,0.841083,1.046667,0.838496,0.912954,0,0.838497,0.003145,0.005629,0.014049,0.002972,0.074457,0.003811,0.022888,0.003779,0.003161,0.005533,0.022080
horrorki,1,0.841082,1.046694,0.838487,0.912958,0,0.838487,0.003145,0.005629,0.014049,0.002972,0.074472,0.003811,0.022884,0.003779,0.003161,0.005533,0.022080
oooonlyone,1,0.841075,1.046678,0.838536,0.912867,0,0.838536,0.003145,0.005629,0.014049,0.002972,0.074331,0.003811,0.022975,0.003779,0.003161,0.005533,0.022080
ostrovofficer,1,0.841071,1.046717,0.838534,0.912847,0,0.838534,0.003145,0.005629,0.014049,0.002972,0.074313,0.003811,0.022995,0.003779,0.003161,0.005533,0.022080
todaymiami,13,0.840721,1.266089,0.698428,0.886095,7,0.002923,0.000488,0.003161,0.003709,0.000461,0.187667,0.000591,0.698428,0.000587,0.000491,0.000859,0.100636
alexharritonov,7,0.840559,1.265854,0.718487,0.920487,7,0.001251,0.001195,0.016517,0.005340,0.001129,0.201999,0.001448,0.718487,0.005896,0.001201,0.002103,0.043432
georevieweurope,1,0.840413,0.920788,0.874014,0.905656,5,0.004599,0.004392,0.007861,0.019625,0.004150,0.874014,0.005322,0.031643,0.005278,0.004414,0.007727,0.030974
shocko_10,4,0.836737,1.240881,0.720870,0.937541,5,0.002038,0.001946,0.003484,0.216671,0.001839,0.720870,0.002358,0.014077,0.002339,0.017180,0.003424,0.013773
willisbonnerr,26,0.835452,1.332460,0.716609,0.877116,11,0.001177,0.000506,0.011174,0.072481,0.000328,0.160507,0.000126,0.034277,0.000801,0.001237,0.000778,0.716609
angela_lattke,1,0.835440,1.221143,0.781217,0.893110,4,0.002565,0.002450,0.004385,0.010945,0.781217,0.056670,0.002969,0.111893,0.002944,0.002462,0.004310,0.017189
schultei2,1,0.835419,1.221247,0.781227,0.892976,4,0.002565,0.002450,0.004385,0.010945,0.781227,0.056804,0.002969,0.111749,0.002944,0.002462,0.004310,0.017189
kenzdonovan,15,0.834395,1.262613,0.771744,0.882902,5,0.000712,0.000680,0.003654,0.004978,0.000643,0.771744,0.018662,0.111158,0.001107,0.009545,0.055828,0.021290
gorelkinnn,1,0.833663,1.109629,0.827734,0.901545,10,0.003837,0.003665,0.006560,0.016372,0.003463,0.073811,0.004441,0.026226,0.004404,0.003683,0.827734,0.025804
moda_barina,1,0.833662,1.109650,0.827728,0.901544,10,0.003837,0.003665,0.006560,0.016372,0.003463,0.073817,0.004441,0.026226,0.004404,0.003683,0.827728,0.025805
mwiqcen,1,0.833661,1.109670,0.827722,0.901544,10,0.003837,0.003665,0.006560,0.016372,0.003463,0.073822,0.004441,0.026226,0.004404,0.003683,0.827722,0.025805
shikarnoel,1,0.833660,1.109689,0.827716,0.901545,10,0.003837,0.003665,0.006560,0.016372,0.003463,0.073828,0.004441,0.026225,0.004404,0.003683,0.827716,0.025805
jorda_morgan,1,0.833660,1.109690,0.827716,0.901545,10,0.003837,0.003665,0.006560,0.016372,0.003463,0.073829,0.004441,0.026226,0.004404,0.003683,0.827716,0.025805
lmarinays,1,0.833659,1.109714,0.827709,0.901544,10,0.003837,0.003665,0.006560,0.016372,0.003463,0.073835,0.004441,0.026226,0.004404,0.003683,0.827709,0.025805
t0nyasinclair,1,0.832708,1.286627,0.626813,0.947843,11,0.001449,0.001384,0.002477,0.321030,0.001308,0.028505,0.001677,0.009871,0.001663,0.001391,0.002434,0.626813
thefoundingson,46,0.831674,1.229117,0.790341,0.870404,5,0.001879,0.004994,0.006330,0.068519,0.000639,0.790341,0.013219,0.019819,0.001633,0.001602,0.010962,0.080063
mbrownhere,1,0.831304,1.267526,0.768858,0.892807,3,0.002568,0.123949,0.004390,0.768858,0.002318,0.050309,0.002972,0.017509,0.002948,0.002465,0.004315,0.017400
klausfinker,1,0.831277,1.112293,0.830016,0.898984,4,0.003829,0.003657,0.006546,0.016337,0.830016,0.068968,0.004431,0.026059,0.004395,0.003675,0.006434,0.025654
valeyina_dm,6,0.831019,1.344489,0.691765,0.915305,7,0.001746,0.023434,0.002984,0.007450,0.001576,0.223540,0.002020,0.691765,0.002004,0.001676,0.002934,0.038871
philadelphiaon,17,0.830695,1.303983,0.751442,0.875640,7,0.001379,0.001317,0.010623,0.010513,0.001245,0.124198,0.001596,0.751442,0.012533,0.006259,0.002317,0.076577
4ever1937,2,0.830433,1.221312,0.589825,0.969484,5,0.001487,0.001420,0.002542,0.006348,0.001342,0.589825,0.001721,0.379659,0.001707,0.001428,0.002499,0.010021
edmundc0oke,1,0.829846,1.145099,0.820614,0.898774,1,0.003840,0.820614,0.006565,0.016386,0.003466,0.078161,0.004444,0.026165,0.004408,0.003686,0.006453,0.025814
instotus,2,0.828686,1.307159,0.699831,0.931832,5,0.002601,0.002484,0.004447,0.011103,0.002348,0.699831,0.232000,0.017832,0.002986,0.002497,0.004371,0.017501
jacksoncitypost,12,0.827591,1.321276,0.756208,0.859079,7,0.001283,0.020554,0.002194,0.022782,0.002638,0.079360,0.001485,0.756207,0.001473,0.001232,0.007921,0.102871
glebnikon,5,0.827254,1.315731,0.638517,0.946034,7,0.001555,0.001485,0.002658,0.006634,0.001403,0.307517,0.014931,0.638518,0.001784,0.010432,0.002612,0.010472
tpartynews,70,0.826821,1.304073,0.758399,0.897438,5,0.017827,0.001388,0.002132,0.013838,0.000578,0.758399,0.139039,0.026071,0.000397,0.003944,0.010311,0.026076
finley1589,15,0.826575,1.356158,0.733756,0.841188,5,0.000409,0.000447,0.002399,0.006389,0.000263,0.733756,0.024950,0.098143,0.000334,0.000280,0.107431,0.025198
atlanta_online,11,0.826001,1.376922,0.668559,0.824751,7,0.000296,0.000283,0.002296,0.019718,0.000267,0.156192,0.000343,0.668559,0.000340,0.000284,0.000497,0.150925
arturburanof,4,0.825570,1.291134,0.607438,0.956138,5,0.002136,0.002040,0.003651,0.009115,0.001928,0.607438,0.002472,0.348700,0.002451,0.002050,0.003589,0.014432
muslims_in_usa,6,0.823334,1.316476,0.768290,0.867659,5,0.002834,0.002706,0.033458,0.099369,0.002558,0.768290,0.003280,0.057719,0.003253,0.002720,0.004762,0.019051
realrobert1987,7,0.821964,1.333311,0.763125,0.844466,5,0.011074,0.000946,0.070505,0.008484,0.000894,0.763125,0.001146,0.081341,0.001137,0.000951,0.046971,0.013426
gwen_garland,1,0.821739,1.091625,0.843472,0.882523,5,0.005730,0.005473,0.009796,0.024457,0.005172,0.843472,0.006632,0.039051,0.006577,0.005500,0.009629,0.038511
tebepizdec,1,0.821509,1.095400,0.842641,0.882151,5,0.005734,0.005476,0.009802,0.024474,0.005175,0.842641,0.006636,0.039510,0.006581,0.005503,0.009635,0.038834
wildharee,1,0.820897,1.362769,0.747522,0.874199,3,0.002884,0.002755,0.004931,0.747522,0.126677,0.061902,0.003338,0.019657,0.003311,0.002769,0.004847,0.019407
jeblary2016,23,0.820548,1.348947,0.761955,0.855666,5,0.001860,0.007989,0.029773,0.069654,0.001679,0.761955,0.003029,0.019251,0.002135,0.005838,0.003125,0.093711
edmundrjr,1,0.819560,1.479618,0.637857,0.867910,7,0.000240,0.063404,0.000410,0.058042,0.000216,0.007209,0.000277,0.637857,0.000275,0.230053,0.000403,0.001615
ttsvetkov,3,0.818495,1.289104,0.542162,0.962670,7,0.001820,0.001738,0.003111,0.007766,0.001643,0.420508,0.002106,0.542162,0.002089,0.001747,0.003058,0.012252
danny_turner_1,1,0.818073,1.308835,0.546315,0.959092,5,0.001549,0.001479,0.002648,0.006613,0.001398,0.546315,0.001793,0.010557,0.001778,0.412777,0.002603,0.010488
darrell_h_hunt,1,0.817582,1.422296,0.545936,0.889513,5,0.000581,0.000555,0.000993,0.002479,0.000524,0.545936,0.000672,0.343577,0.000667,0.000557,0.000976,0.102484
yaeltrouble,1,0.817054,1.274440,0.791978,0.882184,2,0.004597,0.004390,0.791978,0.019619,0.004149,0.090205,0.005320,0.031495,0.005276,0.004412,0.007725,0.030833
krustyps,1,0.817003,1.273814,0.792315,0.882082,10,0.004597,0.004390,0.007859,0.019617,0.004149,0.089767,0.005320,0.031329,0.005277,0.004413,0.792315,0.030967
banttanantta,1,0.816995,1.273962,0.792268,0.882082,10,0.004597,0.004390,0.007859,0.019617,0.004149,0.089814,0.005320,0.031329,0.005277,0.004413,0.792268,0.030967
gracelilstar,1,0.815711,1.374759,0.578506,0.944848,5,0.002102,0.002008,0.003594,0.008974,0.001898,0.578506,0.002433,0.014412,0.366342,0.002018,0.003533,0.014180
dannymaslov,1,0.814476,1.475603,0.648039,0.887880,11,0.002890,0.002760,0.004941,0.012331,0.002608,0.072296,0.003345,0.239841,0.003317,0.002774,0.004856,0.648039
boryabuchin,5,0.814333,1.484622,0.657078,0.892617,7,0.002417,0.002309,0.054734,0.010314,0.002182,0.235539,0.002798,0.657078,0.002775,0.002320,0.011308,0.016227
sanantotopnews,19,0.812849,1.459190,0.720395,0.839397,7,0.002219,0.004294,0.016351,0.024086,0.001300,0.092888,0.008932,0.720395,0.001654,0.001383,0.007498,0.119001
internalmemer,9,0.811544,1.541226,0.650682,0.825763,5,0.000540,0.000516,0.003276,0.056509,0.000487,0.650682,0.000625,0.175080,0.009355,0.000518,0.000907,0.101504
ponomarevslav,7,0.811168,1.468390,0.552713,0.921320,5,0.001335,0.015920,0.002282,0.005697,0.001205,0.552713,0.001545,0.368607,0.006979,0.001281,0.002243,0.040192
warfareww,14,0.809639,1.543936,0.602939,0.852376,11,0.001444,0.001379,0.002468,0.006161,0.001303,0.249437,0.004952,0.115853,0.001657,0.001386,0.011021,0.602939
srahse,1,0.809051,1.455645,0.608365,0.923938,3,0.003293,0.003144,0.005629,0.608365,0.002972,0.315572,0.003811,0.022517,0.003779,0.003160,0.005533,0.022225
marianeuberg1,7,0.808279,1.486339,0.723271,0.836082,4,0.076576,0.002575,0.001591,0.017674,0.723271,0.009614,0.007201,0.040647,0.112811,0.000461,0.004342,0.003237
razvedchica_,5,0.807864,1.497612,0.524144,0.906919,7,0.001302,0.001243,0.002226,0.005556,0.001175,0.382775,0.001507,0.524144,0.001495,0.001250,0.015500,0.061827
chicagodailynew,26,0.805682,1.588556,0.579897,0.868974,7,0.001029,0.002481,0.005744,0.032688,0.001182,0.078714,0.002241,0.579897,0.001182,0.004035,0.001730,0.289077
handsome_henson,1,0.804787,1.431462,0.534278,0.939030,9,0.002311,0.002207,0.003951,0.009863,0.002086,0.404752,0.002675,0.015775,0.002653,0.534278,0.003884,0.015565
russilanrogov,6,0.804630,1.582669,0.666409,0.832107,7,0.001481,0.001414,0.041664,0.006320,0.086230,0.165699,0.001714,0.666409,0.001700,0.001422,0.002489,0.023459
romanagafonovv,6,0.803931,1.569730,0.573539,0.884669,7,0.002180,0.002082,0.003727,0.009302,0.001967,0.311130,0.015591,0.573539,0.002502,0.002092,0.003663,0.072225
jassscott,10,0.802678,1.569892,0.682765,0.845837,5,0.000535,0.003229,0.000914,0.002281,0.017895,0.682765,0.031669,0.163072,0.000614,0.037132,0.003133,0.056763
anthonywoodboy,4,0.802582,1.598881,0.641378,0.823712,5,0.001786,0.002276,0.003445,0.116283,0.001612,0.641378,0.002067,0.019815,0.002142,0.001960,0.024902,0.182335
aleksey_sokol_,5,0.801380,1.540028,0.502221,0.888830,7,0.001399,0.001336,0.084860,0.005970,0.001263,0.386609,0.001619,0.502221,0.001606,0.001343,0.002351,0.009424
watchmewalkin,15,0.800997,1.599127,0.669364,0.840580,5,0.000697,0.003232,0.057781,0.006224,0.011642,0.669364,0.001667,0.171216,0.001013,0.000669,0.053708,0.022785
tezaharov,5,0.800502,1.460464,0.505022,0.933383,5,0.002285,0.002182,0.003906,0.009750,0.002062,0.505022,0.002644,0.428361,0.002623,0.002193,0.023571,0.015399
bydrbre_,1,0.800080,1.568687,0.675193,0.815421,6,0.002567,0.002451,0.140228,0.010959,0.002317,0.121623,0.675193,0.017714,0.002946,0.002464,0.004313,0.017224
houstontopnews,11,0.799833,1.603710,0.662003,0.802894,7,0.001081,0.001033,0.036642,0.030355,0.000976,0.140891,0.001251,0.662003,0.001241,0.001038,0.008847,0.114642
stepansazono,3,0.799302,1.519305,0.501926,0.913564,7,0.001912,0.049051,0.003269,0.008160,0.001726,0.411638,0.002213,0.501926,0.002195,0.001835,0.003213,0.012862
ravenicholson,11,0.799257,1.618913,0.598681,0.797697,5,0.001008,0.002544,0.001724,0.019955,0.000910,0.598681,0.001167,0.199016,0.001158,0.013257,0.001695,0.158886
kristyanann,1,0.799188,1.553256,0.532152,0.902032,3,0.002569,0.002453,0.004391,0.532152,0.002318,0.056000,0.002973,0.017534,0.002948,0.002466,0.004316,0.369880
bigboysneed,7,0.799011,1.504979,0.731536,0.841823,5,0.015550,0.001166,0.044580,0.040152,0.001102,0.731536,0.006539,0.110287,0.001402,0.013575,0.002052,0.032059
taisiaavdeeva,8,0.798912,1.558133,0.542574,0.906757,5,0.001396,0.001333,0.002386,0.027578,0.012969,0.542574,0.001615,0.364183,0.001602,0.001340,0.028197,0.014827
inst_vets,3,0.797646,1.401822,0.771818,0.844931,5,0.005158,0.004926,0.044966,0.073113,0.004655,0.771818,0.005970,0.035237,0.005921,0.004951,0.008668,0.034617
milwaukeevoice,1,0.797414,1.540894,0.581443,0.910946,5,0.003845,0.003672,0.006573,0.329504,0.003470,0.581443,0.004450,0.026477,0.004413,0.003691,0.006461,0.026002
vasilichvasili,7,0.797285,1.620445,0.631890,0.856509,7,0.001796,0.007791,0.003071,0.007665,0.008536,0.224618,0.018948,0.631890,0.002062,0.009211,0.003019,0.081392
riafanru,1,0.797047,1.610944,0.623598,0.876908,4,0.002884,0.002754,0.253310,0.012304,0.623598,0.051943,0.003337,0.019626,0.003310,0.002768,0.004846,0.019321
sergeev_tolik,7,0.796715,1.505310,0.529777,0.925595,5,0.002377,0.002270,0.004064,0.010143,0.002145,0.529777,0.016877,0.395818,0.002729,0.002282,0.015531,0.015986
chernenkonikola,5,0.795934,1.675480,0.575021,0.849134,7,0.001224,0.001169,0.002093,0.081829,0.001105,0.274113,0.020886,0.575021,0.001405,0.001175,0.031715,0.008264
patriotka_rusi,3,0.795672,1.574419,0.486552,0.875481,7,0.001628,0.001555,0.002784,0.098061,0.001470,0.388928,0.001884,0.486552,0.001869,0.001563,0.002736,0.010970
maksblaginin,2,0.795452,1.653474,0.517747,0.852701,5,0.000855,0.000817,0.001462,0.092929,0.009855,0.517747,0.000990,0.334954,0.000982,0.000821,0.001437,0.037152
sovetnikstatski,5,0.794875,1.655874,0.580725,0.869939,5,0.001492,0.001424,0.002550,0.006365,0.040484,0.580725,0.014986,0.289213,0.001712,0.001432,0.009254,0.050363
jerstoner,5,0.794339,1.664985,0.547942,0.815122,5,0.001025,0.000979,0.015724,0.004376,0.000925,0.547942,0.001187,0.267181,0.001177,0.000984,0.014175,0.144326
pati_cooper,5,0.794302,1.613577,0.672963,0.797064,5,0.000788,0.000753,0.124100,0.026449,0.000711,0.672963,0.000912,0.027381,0.000905,0.000757,0.104801,0.039480
kolradskiy_zhuk,5,0.793562,1.603454,0.530186,0.897843,7,0.001807,0.001726,0.026995,0.007712,0.019708,0.367657,0.002091,0.530186,0.002074,0.001735,0.003037,0.035272
screamymonkey,27,0.793465,1.667268,0.621661,0.849881,7,0.002263,0.003650,0.015723,0.034295,0.001014,0.054683,0.001105,0.621661,0.002240,0.000581,0.034566,0.228221
cynthiamhunter,18,0.792708,1.531605,0.729707,0.832618,5,0.000496,0.000620,0.021965,0.003168,0.000447,0.729707,0.034434,0.102911,0.009747,0.029032,0.050570,0.016902
patriotblake,38,0.792136,1.655313,0.653082,0.847028,5,0.000786,0.001914,0.005482,0.011999,0.001750,0.653082,0.038891,0.054246,0.002244,0.013744,0.021915,0.193946
prettylaraplace,21,0.791497,1.615863,0.680529,0.785212,5,0.001033,0.000987,0.104683,0.015569,0.000932,0.680529,0.001823,0.103997,0.001186,0.000992,0.049136,0.039134
mrmoraan,10,0.791155,1.713730,0.594925,0.818014,5,0.029547,0.000812,0.005150,0.027383,0.000767,0.594925,0.000984,0.223090,0.006791,0.002374,0.001428,0.106750
chaneutral,2,0.788854,1.616723,0.679083,0.792925,7,0.002854,0.002725,0.004879,0.012176,0.002576,0.113841,0.003303,0.679083,0.003276,0.079590,0.004795,0.090902
_sashalapin,4,0.788553,1.605509,0.457330,0.868800,7,0.001551,0.001481,0.002652,0.006619,0.001400,0.411470,0.001795,0.457330,0.001781,0.008219,0.002607,0.103094
eliasbrick,14,0.788197,1.699019,0.580614,0.858758,5,0.004632,0.000818,0.004948,0.014591,0.011529,0.580614,0.021819,0.278144,0.012174,0.000822,0.001440,0.068469
detroitdailynew,21,0.788111,1.730833,0.606702,0.806663,7,0.008629,0.001216,0.002177,0.037917,0.001150,0.199962,0.001630,0.606702,0.001462,0.022313,0.006324,0.110518
gvardeykalena,6,0.787300,1.646012,0.521725,0.889523,5,0.002346,0.002241,0.034689,0.010012,0.002118,0.521725,0.002716,0.367798,0.002693,0.002252,0.035629,0.015780
beverlybalsom,1,0.786892,1.618603,0.564718,0.898645,5,0.003838,0.003666,0.006562,0.016382,0.333927,0.564718,0.004442,0.026141,0.004406,0.003684,0.006450,0.025784
margarethkurz,24,0.786691,1.650362,0.682413,0.802032,4,0.093508,0.001406,0.001173,0.040599,0.682413,0.016916,0.003382,0.018596,0.119619,0.001166,0.002849,0.018372
kirstenladaniel,1,0.786530,1.542644,0.729118,0.848846,1,0.005731,0.729118,0.009798,0.024458,0.005173,0.119727,0.006633,0.039019,0.006579,0.005501,0.009631,0.038632
rogovilia,2,0.785134,1.737551,0.510819,0.839868,7,0.001018,0.085381,0.020479,0.004342,0.000918,0.329049,0.001178,0.510819,0.001168,0.000977,0.001710,0.042962
bogdankravcov,6,0.784952,1.624788,0.444898,0.886232,7,0.001237,0.001182,0.029488,0.059918,0.007490,0.441333,0.001432,0.444898,0.001420,0.001188,0.002079,0.008333
kelvsok,1,0.784671,1.616996,0.438502,0.826478,7,0.001054,0.001006,0.001801,0.156397,0.000951,0.387976,0.001219,0.438502,0.001209,0.001011,0.001771,0.007102
sergbriantsev,5,0.783774,1.719807,0.531002,0.856590,7,0.002162,0.015924,0.003697,0.080194,0.001952,0.325587,0.002503,0.531002,0.002482,0.002076,0.017830,0.014591
bocharnikov_v,8,0.783717,1.717731,0.487461,0.843605,7,0.004765,0.010346,0.002528,0.025712,0.001335,0.356144,0.001712,0.487461,0.001698,0.001420,0.002485,0.104394
onemightyfish,15,0.783410,1.760698,0.566457,0.800314,5,0.001466,0.001400,0.002506,0.029734,0.014038,0.566457,0.001696,0.233857,0.001682,0.013294,0.002463,0.131406
lapinolegg,5,0.783082,1.722292,0.520973,0.864999,7,0.001446,0.001381,0.030299,0.006171,0.056718,0.344026,0.023791,0.520973,0.001660,0.001388,0.002430,0.009717
crystal1johnson,39,0.783019,1.749482,0.516358,0.837271,11,0.001423,0.001359,0.003021,0.093187,0.002179,0.320913,0.001647,0.040306,0.008510,0.008704,0.002392,0.516358
ilovesarahrich,12,0.782932,1.763204,0.538357,0.830920,5,0.001275,0.001218,0.002180,0.030533,0.002203,0.538357,0.001476,0.292563,0.017644,0.013934,0.002143,0.096473
ssus_panther,1,0.782544,1.580109,0.483517,0.913835,5,0.003293,0.003144,0.005629,0.014053,0.002972,0.483517,0.003811,0.022440,0.430318,0.003160,0.005533,0.022131
robbydelaware,12,0.782174,1.770973,0.601532,0.799305,5,0.001483,0.001417,0.019893,0.044648,0.001339,0.601532,0.007960,0.197774,0.001703,0.011692,0.002493,0.108069
paulinett,42,0.781909,1.662831,0.430139,0.856566,5,0.001031,0.000730,0.002105,0.044725,0.002779,0.430139,0.000502,0.086976,0.001543,0.000790,0.002253,0.426427
sylvielefevrier,2,0.781465,1.656322,0.494562,0.892345,8,0.002358,0.002252,0.397783,0.010062,0.007275,0.044837,0.002729,0.016067,0.494562,0.002263,0.003962,0.015850
alecmooooody,13,0.781392,1.769513,0.578185,0.831650,5,0.005925,0.000974,0.005762,0.015165,0.000920,0.578185,0.001180,0.253464,0.001170,0.018893,0.054342,0.064019
samirgooden,13,0.781381,1.742383,0.613352,0.837668,5,0.000776,0.028419,0.001326,0.003311,0.015047,0.613352,0.028449,0.224316,0.005657,0.000745,0.015638,0.062964
arkadii_trofim,3,0.780955,1.735906,0.483588,0.838562,7,0.001877,0.001793,0.038017,0.008011,0.001694,0.354975,0.002172,0.483588,0.002154,0.001802,0.003154,0.100764
karenparker93,6,0.780420,1.746180,0.607972,0.761488,5,0.000950,0.000907,0.153516,0.004055,0.000858,0.607971,0.001509,0.117637,0.001091,0.000912,0.084961,0.025633
pigeontoday,13,0.779311,1.729266,0.649316,0.791026,5,0.002593,0.002476,0.012259,0.141709,0.002340,0.649316,0.003000,0.036730,0.002976,0.016161,0.019176,0.111263
stanleyparris,16,0.778707,1.769042,0.531238,0.844174,5,0.001210,0.001156,0.002069,0.054491,0.001092,0.531238,0.031749,0.312936,0.001389,0.012354,0.002034,0.048283
whitehousecards,16,0.778686,1.724145,0.658340,0.812465,4,0.001683,0.001607,0.154125,0.007179,0.658340,0.047846,0.038229,0.020411,0.001931,0.001615,0.006736,0.060297
ameliebaldwin,27,0.778059,1.729819,0.635791,0.754452,5,0.000553,0.000604,0.080967,0.006727,0.004975,0.635791,0.000603,0.110204,0.001082,0.000500,0.039335,0.118660
jery_robertsyo,16,0.777699,1.775271,0.557853,0.848004,5,0.001108,0.001058,0.001893,0.037234,0.007051,0.557853,0.012606,0.290151,0.019530,0.007960,0.004470,0.059087
ogdeandre,12,0.777145,1.805268,0.542747,0.810389,5,0.000919,0.000380,0.012859,0.015972,0.005022,0.542747,0.012443,0.267643,0.000456,0.027609,0.000668,0.113283
klara_sauber,20,0.774538,1.683464,0.694594,0.799475,4,0.073042,0.004722,0.001394,0.039909,0.694594,0.019767,0.002445,0.018301,0.104881,0.001024,0.009590,0.030331
briys_valera,1,0.774323,1.797368,0.523906,0.772322,11,0.002101,0.002007,0.003593,0.156821,0.001897,0.050867,0.002432,0.248416,0.002412,0.002017,0.003531,0.523906
patriot_archive,2,0.773718,1.807820,0.563232,0.798085,7,0.031692,0.003221,0.005766,0.014391,0.003044,0.127123,0.003903,0.563232,0.003871,0.003237,0.005667,0.234853
taraformation,5,0.773457,1.766056,0.440188,0.800908,7,0.000757,0.010259,0.021671,0.003232,0.000683,0.360720,0.000876,0.440188,0.000869,0.154364,0.001272,0.005108
agnesgrhm,1,0.773299,1.779231,0.622190,0.817325,1,0.003839,0.622190,0.006564,0.016386,0.003465,0.085764,0.195135,0.026162,0.004407,0.003685,0.006452,0.025950
interfischer,5,0.772475,1.832979,0.576238,0.780283,5,0.001688,0.001613,0.204045,0.039833,0.001524,0.576238,0.001954,0.115839,0.001938,0.001621,0.042359,0.011349
nojonathonno,13,0.772036,1.822085,0.545319,0.828577,5,0.000721,0.009780,0.052877,0.013945,0.015995,0.545319,0.000835,0.283258,0.000828,0.000693,0.010816,0.064932
erofeenkoanton,6,0.771561,1.727672,0.433097,0.866010,7,0.001811,0.001729,0.003096,0.063694,0.001634,0.432913,0.002096,0.433097,0.002078,0.011347,0.012642,0.033862
dallastopnews,11,0.771462,1.804352,0.563196,0.792696,7,0.016076,0.009029,0.003820,0.009536,0.002017,0.140498,0.006984,0.563196,0.013445,0.002145,0.003755,0.229500
skatewake1994,9,0.771272,1.837529,0.518570,0.801740,5,0.002495,0.002383,0.010184,0.118325,0.002252,0.518570,0.008485,0.283169,0.002864,0.002395,0.004193,0.044682
blk_voice,21,0.769433,1.808435,0.452613,0.818900,5,0.005640,0.001658,0.004462,0.031085,0.001567,0.452613,0.011737,0.118374,0.001993,0.001667,0.002918,0.366287
joseph_jenks,1,0.769122,1.722584,0.432550,0.860814,3,0.003299,0.003151,0.005640,0.432550,0.002978,0.085262,0.003818,0.022539,0.003787,0.003167,0.005544,0.428264
jihadist2ndwife,8,0.769056,1.844346,0.590023,0.799259,5,0.002772,0.018280,0.023935,0.209236,0.002502,0.590023,0.003208,0.055274,0.003182,0.002661,0.004658,0.084270
clydedaws0n,1,0.768854,1.700965,0.414371,0.765267,11,0.001227,0.001172,0.002098,0.214608,0.001108,0.350897,0.001420,0.008450,0.001409,0.001178,0.002062,0.414371
todaypittsburgh,26,0.768604,1.821289,0.448094,0.810092,7,0.001410,0.001346,0.010326,0.044007,0.005426,0.119244,0.001632,0.448094,0.002794,0.001353,0.002369,0.361998
archieolivers,8,0.768507,1.841984,0.598733,0.794368,5,0.001073,0.001025,0.195635,0.004579,0.000968,0.598733,0.001242,0.045697,0.024755,0.040422,0.006621,0.079251
reachitdoit,1,0.767247,1.834709,0.489022,0.804477,5,0.002567,0.002452,0.315455,0.010957,0.002317,0.489022,0.132743,0.017484,0.002947,0.002464,0.004314,0.017278
karolineauge,2,0.766898,1.800222,0.481967,0.854844,8,0.002925,0.002793,0.372876,0.012482,0.002640,0.055065,0.003385,0.019940,0.481967,0.002808,0.004915,0.038203
bleepthepolice,32,0.766706,1.788555,0.569821,0.856748,5,0.008542,0.001686,0.013597,0.039043,0.001593,0.569821,0.023941,0.026710,0.016004,0.006143,0.005993,0.286927
melanymelanin,52,0.766619,1.808507,0.433083,0.805119,11,0.003646,0.002669,0.001939,0.139377,0.002093,0.372036,0.001718,0.028797,0.003991,0.001229,0.009421,0.433083
errivvvvers,10,0.766528,1.869079,0.522699,0.812690,5,0.000986,0.010998,0.001685,0.065445,0.019540,0.522699,0.001141,0.289992,0.006799,0.000946,0.007552,0.072218
kotovamarys,6,0.766496,1.886311,0.534659,0.796509,7,0.001175,0.001122,0.018043,0.005014,0.030021,0.261849,0.001360,0.534659,0.001349,0.050990,0.001974,0.092443
nj_blacknews,7,0.766284,1.808297,0.436018,0.814213,5,0.002102,0.002008,0.007997,0.029070,0.001898,0.436018,0.002433,0.127635,0.007094,0.002018,0.003533,0.378195
ninonderrien,2,0.764223,1.819493,0.476478,0.849349,8,0.002921,0.002790,0.372871,0.012465,0.002636,0.055305,0.003381,0.019915,0.476478,0.002804,0.004909,0.043525
regieblackmon,14,0.763323,1.803003,0.638690,0.815693,5,0.001126,0.003830,0.001925,0.036302,0.019838,0.638690,0.025073,0.177002,0.011896,0.030211,0.002165,0.051942
seattle_post,15,0.763234,1.844970,0.432481,0.796958,11,0.002000,0.010755,0.002865,0.047074,0.001513,0.130546,0.001940,0.364477,0.001924,0.001609,0.002816,0.432481
cornellburchet,15,0.762850,1.838097,0.627586,0.772182,5,0.001769,0.007959,0.014616,0.052219,0.001597,0.627586,0.053382,0.144596,0.002031,0.005715,0.002973,0.085554
todayinsyria,19,0.762666,1.783288,0.398731,0.774096,5,0.000963,0.007551,0.004882,0.004109,0.000869,0.398731,0.001114,0.187894,0.001105,0.000924,0.016493,0.375365
alexsvladimirov,6,0.762119,1.897965,0.542588,0.794485,7,0.002362,0.002255,0.033179,0.010077,0.002131,0.251896,0.002733,0.542588,0.002711,0.068212,0.003968,0.077887
gffgfsfgfsdffjj,3,0.762075,1.868281,0.541856,0.824168,10,0.282313,0.003733,0.006682,0.016680,0.003528,0.079346,0.004524,0.026816,0.004487,0.003752,0.541856,0.026284
lilylilyhasse,6,0.761892,1.808685,0.649518,0.801084,4,0.044972,0.001369,0.002451,0.060400,0.649518,0.026580,0.001659,0.030658,0.151566,0.008773,0.012440,0.009613
rusnevrotik,2,0.760758,1.797191,0.426063,0.846772,3,0.420709,0.002951,0.005282,0.426063,0.002789,0.084739,0.003576,0.021323,0.003547,0.002966,0.005192,0.020865
msm0re,2,0.760747,1.797295,0.426049,0.846760,3,0.420711,0.002951,0.005282,0.426049,0.002789,0.084714,0.003576,0.021360,0.003547,0.002966,0.005192,0.020865
lagonehoe,12,0.760700,1.808595,0.651415,0.762160,5,0.042917,0.001396,0.020566,0.037812,0.019864,0.651415,0.001692,0.110745,0.001678,0.001403,0.008798,0.101714
shapka_mono,2,0.760616,1.797916,0.428827,0.837132,3,0.003742,0.003573,0.006397,0.428827,0.003377,0.102036,0.004330,0.408305,0.004295,0.003592,0.006288,0.025238
blmsoldier,12,0.760603,1.926140,0.529303,0.761201,5,0.000886,0.000846,0.010307,0.017172,0.000799,0.529303,0.045718,0.231898,0.003245,0.000850,0.023486,0.135490
jaydaastonishin,13,0.760217,1.896379,0.444979,0.786516,5,0.008365,0.001165,0.018314,0.050179,0.002483,0.444979,0.001411,0.341536,0.001400,0.001171,0.002049,0.126947
baobaeham,34,0.760172,1.885676,0.446782,0.809042,11,0.000472,0.000869,0.008805,0.087004,0.005901,0.362259,0.001706,0.063208,0.003965,0.000519,0.018509,0.446782
verrellportier,2,0.759495,1.817291,0.459664,0.857498,8,0.002389,0.035137,0.397833,0.010197,0.002157,0.045133,0.002765,0.016282,0.459664,0.002294,0.004015,0.022134
youjustctrlc,13,0.759154,1.888926,0.456331,0.817637,5,0.001177,0.001124,0.002012,0.085523,0.001062,0.456331,0.038713,0.361306,0.005600,0.018856,0.001978,0.026315
sovasof,2,0.759038,1.812225,0.427116,0.843401,3,0.003362,0.003211,0.005747,0.427116,0.003034,0.084564,0.003891,0.022976,0.003859,0.003227,0.416286,0.022727
jon_underwood_,1,0.758781,1.756236,0.461428,0.878762,9,0.004597,0.004390,0.007858,0.019615,0.004149,0.417334,0.005320,0.031392,0.005276,0.461428,0.007724,0.030917
hunteroddddom,12,0.758730,1.886562,0.595325,0.751517,5,0.001929,0.000867,0.001552,0.084767,0.036290,0.595325,0.024978,0.156192,0.001042,0.000871,0.005290,0.090897
johnieboycooks,6,0.758592,1.826049,0.433010,0.722835,5,0.001422,0.001358,0.002431,0.037013,0.001284,0.433010,0.001646,0.289826,0.001632,0.001365,0.002390,0.226624
gloed_up,34,0.757924,1.910523,0.503790,0.760714,5,0.006413,0.001568,0.007216,0.162478,0.001891,0.503790,0.021485,0.025626,0.006290,0.002466,0.003852,0.256924
andrebeauleger,2,0.757264,1.886273,0.501867,0.828103,8,0.003858,0.003684,0.006595,0.016465,0.003482,0.077266,0.004465,0.026345,0.501867,0.003703,0.326237,0.026035
baltimore0nline,26,0.756074,1.879773,0.422685,0.803031,7,0.003643,0.006585,0.003682,0.030060,0.002559,0.126023,0.013462,0.422685,0.001128,0.001627,0.008201,0.380346
blacktolive,26,0.755998,1.941107,0.562129,0.752535,5,0.001476,0.001410,0.013722,0.117266,0.001332,0.562129,0.003765,0.067645,0.025787,0.002809,0.012253,0.190406
dailylosangeles,11,0.755285,1.930682,0.469277,0.781941,11,0.001406,0.010545,0.033993,0.016230,0.004381,0.135476,0.004827,0.312664,0.001614,0.007225,0.002363,0.469277
fishalexanderr,8,0.755141,1.938328,0.451689,0.772019,4,0.320330,0.000478,0.000856,0.080070,0.451689,0.009718,0.000579,0.003428,0.107330,0.000480,0.000841,0.024200
imapharrelfake,17,0.754003,1.957034,0.545568,0.768180,5,0.009100,0.001403,0.009286,0.047491,0.022745,0.545568,0.001701,0.222612,0.021158,0.001411,0.002469,0.115056
hyddrox,33,0.753420,1.895471,0.617240,0.759673,5,0.000858,0.005857,0.010976,0.021557,0.000745,0.617240,0.040314,0.079443,0.008346,0.000768,0.071463,0.142433
angelabach991,16,0.753072,1.898933,0.605904,0.742807,4,0.136903,0.011371,0.001235,0.040105,0.605904,0.029738,0.000836,0.018185,0.135343,0.011026,0.002002,0.007350
travisrespek,14,0.752205,1.937821,0.477192,0.805571,5,0.001054,0.001006,0.001801,0.046955,0.033413,0.477192,0.028695,0.328379,0.003458,0.003029,0.001770,0.073247
globalfoe,1,0.752171,1.953193,0.535083,0.743974,3,0.003305,0.003157,0.005650,0.535083,0.002983,0.076181,0.003825,0.208892,0.003794,0.003173,0.131714,0.022244
christinapool61,5,0.751927,1.917592,0.580859,0.789478,4,0.208619,0.001309,0.002344,0.005850,0.580859,0.029248,0.001587,0.054208,0.052068,0.001316,0.053403,0.009190
blacktivists,9,0.751766,1.937788,0.477633,0.732315,5,0.002639,0.002520,0.004512,0.182613,0.010854,0.477633,0.003054,0.051494,0.003029,0.002533,0.004435,0.254682
cookiiieeessss,7,0.750657,1.965077,0.453012,0.784355,7,0.051212,0.001488,0.112513,0.006648,0.005262,0.331343,0.022127,0.453012,0.001788,0.001495,0.002618,0.010495
4mysquad,12,0.750532,1.970684,0.521052,0.789884,5,0.004153,0.002154,0.047565,0.039525,0.002035,0.521052,0.002610,0.081604,0.009089,0.002165,0.019216,0.268832
tinatkurtz1222,1,0.750476,1.876221,0.413145,0.755666,5,0.002633,0.002514,0.004501,0.011234,0.342522,0.413145,0.003047,0.192789,0.003022,0.002527,0.004424,0.017641
sonderkatharina,1,0.750430,1.876373,0.413005,0.755535,5,0.002633,0.002515,0.004501,0.011234,0.342530,0.413005,0.003047,0.192920,0.003022,0.002527,0.004424,0.017642
fischermaria933,1,0.750401,1.876470,0.412917,0.755452,5,0.002633,0.002515,0.004501,0.011234,0.342535,0.412917,0.003047,0.193002,0.003022,0.002527,0.004424,0.017642
blackmattersus,23,0.749955,1.882318,0.410354,0.809258,5,0.009349,0.001908,0.013742,0.018678,0.001803,0.410354,0.008801,0.122692,0.006994,0.003420,0.003356,0.398904
mikkyrurk,2,0.748531,1.874646,0.421187,0.837820,0,0.421187,0.003405,0.006094,0.015211,0.003218,0.074069,0.004126,0.024601,0.004092,0.003422,0.416633,0.023942
oh_frida,2,0.748530,1.874646,0.421168,0.837792,0,0.421168,0.003405,0.006094,0.015211,0.003218,0.074141,0.004126,0.024557,0.004092,0.003422,0.416624,0.023943
portmela,1,0.747237,1.941947,0.461341,0.811357,1,0.003838,0.461341,0.006561,0.016379,0.003464,0.093908,0.004442,0.026180,0.004405,0.003684,0.350016,0.025783
jadonhutchinson,12,0.745754,2.001842,0.541667,0.745905,5,0.029538,0.002139,0.010518,0.075313,0.001038,0.541667,0.028961,0.204238,0.001320,0.001104,0.001932,0.102232
iris0_o,1,0.745310,1.962489,0.504141,0.778230,3,0.005745,0.005486,0.009821,0.504141,0.005185,0.128404,0.006649,0.274090,0.006594,0.005514,0.009654,0.038717
devinedevinbr,7,0.744525,1.919648,0.596179,0.710677,5,0.001762,0.001683,0.057142,0.007521,0.001591,0.596179,0.114498,0.104579,0.002023,0.001692,0.099484,0.011847
maximgaron1,2,0.744199,1.956401,0.455381,0.803531,7,0.004786,0.004571,0.008182,0.020421,0.004320,0.103865,0.005539,0.455381,0.348150,0.004594,0.008042,0.032149
maymaymyy,6,0.743742,2.006577,0.533178,0.716523,5,0.001257,0.001201,0.002149,0.023006,0.001135,0.533178,0.001455,0.183345,0.007555,0.024022,0.091868,0.129828
manuelkrosss,19,0.743337,1.912214,0.624109,0.746805,4,0.120707,0.007482,0.009492,0.025454,0.624109,0.033669,0.005086,0.013819,0.122696,0.000918,0.006229,0.030338
jrrbrtt,1,0.742976,1.787461,0.361820,0.678518,5,0.001220,0.001165,0.002086,0.316698,0.001101,0.361820,0.001412,0.008335,0.001401,0.294484,0.002050,0.008226
romangorolov,5,0.742768,2.015358,0.504528,0.753120,7,0.001865,0.001781,0.003188,0.095980,0.010631,0.248592,0.002158,0.504528,0.058024,0.001790,0.003134,0.068328
brentmcclure275,6,0.742722,1.992321,0.437339,0.707389,5,0.000887,0.000847,0.001517,0.003787,0.005920,0.437339,0.095026,0.270051,0.001019,0.011036,0.001491,0.171079
gwennythot,14,0.742582,2.008909,0.443386,0.744179,5,0.001555,0.034107,0.002658,0.031165,0.001403,0.443386,0.020782,0.300793,0.001784,0.001492,0.003461,0.157413
ramonasnails,15,0.741905,1.957119,0.404558,0.804063,5,0.001403,0.012231,0.054258,0.037324,0.001267,0.404558,0.001624,0.399505,0.009514,0.001347,0.002358,0.074611
carriethornthon,22,0.740645,1.908636,0.639397,0.752083,5,0.009298,0.013206,0.112685,0.027705,0.001324,0.639397,0.019406,0.085682,0.001684,0.001408,0.041869,0.046332
todaycleveland,12,0.740294,2.019957,0.452396,0.769685,11,0.001811,0.036630,0.016835,0.080115,0.001635,0.084331,0.002096,0.317289,0.002079,0.001739,0.003044,0.452396
imaswerve,5,0.740030,2.005203,0.445198,0.777065,5,0.001455,0.001390,0.002488,0.081217,0.001314,0.445198,0.001684,0.331866,0.016814,0.001397,0.056635,0.058541
leecory,1,0.739954,2.008133,0.521217,0.757723,7,0.005733,0.005475,0.236506,0.024465,0.005174,0.134408,0.006634,0.521217,0.006580,0.005502,0.009633,0.038673
chadsloyer,16,0.739664,1.929781,0.608046,0.799134,5,0.018512,0.016922,0.034445,0.041387,0.024987,0.608046,0.002375,0.191088,0.011301,0.002359,0.002466,0.046111
siccerthanyou,12,0.738346,2.029027,0.558677,0.741519,5,0.000902,0.006545,0.001542,0.063309,0.014907,0.558677,0.094138,0.182842,0.003247,0.000866,0.023120,0.049904
malloryjared,74,0.737981,1.987657,0.404275,0.764431,11,0.015589,0.007210,0.004986,0.152174,0.001844,0.360157,0.005192,0.033872,0.003367,0.003379,0.007957,0.404275
hiimkhloe,83,0.737942,1.994731,0.412149,0.748897,11,0.001788,0.014966,0.008075,0.171550,0.005547,0.336749,0.003285,0.026821,0.001519,0.004327,0.013225,0.412149
johnievogue,5,0.737475,2.013625,0.423074,0.786222,5,0.001225,0.001170,0.002095,0.081869,0.001106,0.423074,0.015843,0.363148,0.014809,0.001176,0.056664,0.037821
todaynycity,19,0.736997,2.037114,0.434162,0.736335,7,0.001294,0.007720,0.006508,0.040038,0.001168,0.302172,0.001498,0.434162,0.004995,0.017381,0.016327,0.166738
camosaseko,14,0.736768,2.026671,0.529114,0.780880,5,0.001080,0.001032,0.001847,0.019316,0.030875,0.529113,0.046023,0.251766,0.036451,0.011299,0.002204,0.068993
dontshootcom,7,0.735394,2.011982,0.394597,0.765776,11,0.002527,0.008923,0.004320,0.111661,0.002281,0.371179,0.002924,0.078208,0.002900,0.002425,0.018053,0.394597
scottgohard,17,0.734789,2.055417,0.502606,0.705333,5,0.002632,0.002514,0.004500,0.202727,0.002376,0.502606,0.003046,0.044871,0.011335,0.041729,0.009044,0.172620
politweecs,28,0.733985,2.053391,0.427266,0.746409,5,0.011350,0.003974,0.002627,0.094115,0.001009,0.427266,0.003960,0.319143,0.001283,0.006393,0.017331,0.111549
bricegeller,5,0.733891,2.058595,0.523676,0.706674,5,0.001711,0.001634,0.017392,0.007301,0.001544,0.523676,0.129942,0.182998,0.001963,0.021166,0.099141,0.011532
onlinememphis,12,0.733760,2.051359,0.505963,0.686969,7,0.002078,0.001985,0.003553,0.054784,0.001876,0.167944,0.002405,0.505963,0.066933,0.001995,0.009478,0.181005
rh0lbr00k,11,0.733331,2.054529,0.554640,0.721755,5,0.001344,0.038133,0.009253,0.005736,0.001213,0.554641,0.007838,0.062080,0.001543,0.031658,0.167114,0.119447
boriseleseev,5,0.732615,2.049499,0.448104,0.694287,7,0.002356,0.036621,0.004028,0.010054,0.002126,0.246183,0.002727,0.448104,0.037314,0.002261,0.003959,0.204267
gibbs_jeremy_,1,0.732202,2.034481,0.390156,0.702883,3,0.074404,0.001580,0.002828,0.390156,0.001493,0.189004,0.001915,0.011269,0.001899,0.001588,0.312727,0.011135
peeonhillary,1,0.731615,1.996977,0.413296,0.786191,3,0.005731,0.005474,0.009798,0.413296,0.005173,0.120652,0.006633,0.372896,0.006579,0.005501,0.009631,0.038636
andreaseulitz,1,0.731504,2.070456,0.435147,0.726673,3,0.003317,0.003168,0.005671,0.435147,0.291527,0.069783,0.003839,0.152753,0.003808,0.003184,0.005574,0.022229
zzzacharyzzz,14,0.731250,2.042032,0.553270,0.772735,5,0.001314,0.045783,0.067530,0.025563,0.001186,0.553270,0.041503,0.219465,0.004536,0.010434,0.005127,0.024290
bigboyjasiah,14,0.730668,2.053178,0.540325,0.771481,5,0.001896,0.066169,0.031839,0.019378,0.017055,0.540325,0.006333,0.231156,0.001160,0.021528,0.001698,0.061464
liljordamn,16,0.730503,2.099228,0.454659,0.729251,5,0.047428,0.001698,0.037867,0.019006,0.001605,0.454659,0.013391,0.274592,0.002041,0.001706,0.002987,0.143021
sternandreas404,19,0.730437,1.931217,0.644350,0.742517,4,0.079162,0.001551,0.019784,0.031464,0.644350,0.030661,0.003263,0.019866,0.098167,0.004944,0.005897,0.060890
berkhoff85,7,0.728158,2.115124,0.500949,0.723970,4,0.056849,0.001827,0.020511,0.008162,0.500949,0.128814,0.002214,0.223021,0.039773,0.001836,0.003215,0.012828
kateritterrrr,20,0.727955,1.958460,0.610683,0.706120,5,0.000914,0.000873,0.028738,0.042133,0.000825,0.610683,0.001293,0.088036,0.001049,0.044138,0.085880,0.095438
javonhidp,16,0.727500,2.111043,0.456884,0.724237,5,0.001134,0.004275,0.040698,0.036121,0.013280,0.456884,0.001312,0.267353,0.001302,0.028719,0.002121,0.146802
datwisenigga,38,0.727115,2.120827,0.485048,0.707943,11,0.000663,0.000664,0.032154,0.085352,0.000630,0.222895,0.000802,0.127356,0.005675,0.015553,0.023208,0.485048
jaedenmassey,1,0.726734,2.055838,0.439575,0.707677,11,0.202162,0.004393,0.007863,0.019629,0.004151,0.268102,0.005323,0.031377,0.005280,0.004415,0.007729,0.439575
trayneshacole,27,0.726148,2.107572,0.502033,0.696254,5,0.024730,0.001845,0.004871,0.194221,0.001744,0.502033,0.046287,0.039535,0.003123,0.011424,0.003247,0.166940
blacknewsoutlet,21,0.724870,2.099482,0.484826,0.770225,5,0.016404,0.005105,0.006567,0.094288,0.015227,0.484826,0.031256,0.042724,0.010485,0.001893,0.005824,0.285400
j0hnlarsen,16,0.724580,1.914045,0.642145,0.727736,5,0.000510,0.000487,0.033922,0.033204,0.000460,0.642145,0.035306,0.071188,0.000586,0.026371,0.085591,0.070231
cookncooks,41,0.724498,2.046550,0.570312,0.762586,5,0.000477,0.020978,0.072205,0.032046,0.001663,0.570312,0.037833,0.025634,0.001102,0.007292,0.038185,0.192274
brianaregland,21,0.723944,2.099259,0.420153,0.670523,5,0.002780,0.002649,0.004854,0.177759,0.006968,0.420153,0.000844,0.111399,0.001223,0.019778,0.001225,0.250370
claypaigeboo,6,0.723727,2.108252,0.418575,0.743124,7,0.002011,0.026539,0.138182,0.008583,0.001815,0.324549,0.002327,0.418575,0.002308,0.010316,0.028205,0.036589
mihanovikov,6,0.722308,2.139331,0.456775,0.707363,7,0.002464,0.002353,0.014450,0.056815,0.068192,0.250588,0.002851,0.456775,0.002828,0.002365,0.004140,0.136180
wadeharriot,22,0.721706,1.975777,0.614785,0.708434,5,0.001057,0.001237,0.070307,0.005581,0.000954,0.614785,0.093648,0.060772,0.001258,0.020209,0.053050,0.077142
johnnymarch_,6,0.721279,2.101110,0.386023,0.747550,5,0.016520,0.001885,0.003375,0.043999,0.001782,0.386023,0.080272,0.361527,0.002266,0.001895,0.003318,0.097137
rus_in_usa,1,0.720630,2.119113,0.394801,0.700858,7,0.002884,0.002755,0.174384,0.012306,0.306057,0.073206,0.003338,0.394801,0.003311,0.002769,0.004847,0.019343
rosieonfleek,13,0.720166,2.100885,0.461750,0.778158,5,0.026057,0.001785,0.003195,0.060000,0.001687,0.461750,0.026146,0.316407,0.032570,0.001794,0.010327,0.058281
mtthsberger,3,0.719622,2.135475,0.463356,0.673005,4,0.037542,0.002312,0.004139,0.010331,0.463356,0.049427,0.002802,0.197826,0.209649,0.002324,0.004069,0.016223
drmichaelgarcia,14,0.719463,2.095510,0.503588,0.726057,5,0.001116,0.075686,0.051679,0.069859,0.001007,0.503588,0.001445,0.222469,0.001280,0.001512,0.002035,0.068323
peytoncashout,13,0.718843,2.135596,0.453835,0.675034,5,0.001605,0.003252,0.014301,0.128725,0.001449,0.453835,0.024695,0.221199,0.001842,0.005894,0.002697,0.140507
riogithief,2,0.717936,2.102643,0.387428,0.669819,5,0.001844,0.001761,0.003153,0.007871,0.001665,0.387428,0.002134,0.012599,0.002117,0.282391,0.174180,0.122856
sto_christi,1,0.716895,2.137480,0.498839,0.752169,4,0.005730,0.005473,0.009796,0.024451,0.498839,0.103222,0.006632,0.039001,0.253330,0.005500,0.009629,0.038396
peterkistner,8,0.716027,2.115994,0.555775,0.687484,4,0.118405,0.003177,0.001715,0.047035,0.555775,0.035928,0.001756,0.017775,0.076875,0.000736,0.009113,0.131709
hamburgbote,1,0.715718,2.142262,0.499110,0.751127,4,0.252016,0.005477,0.009804,0.024470,0.499110,0.103303,0.006637,0.039032,0.006583,0.005505,0.009637,0.038426
janelperkinson,7,0.714685,2.128534,0.364276,0.702742,5,0.001462,0.001397,0.002500,0.006242,0.001320,0.364276,0.131493,0.338466,0.001679,0.001404,0.050371,0.099390
jeanuttella,8,0.714616,2.177607,0.416795,0.713320,5,0.041089,0.001709,0.090871,0.014037,0.001615,0.416795,0.015212,0.296525,0.002054,0.001717,0.003007,0.115369
colbyst1,2,0.714152,2.133687,0.361306,0.696599,9,0.001998,0.001908,0.003415,0.008526,0.001803,0.166663,0.335293,0.013607,0.088694,0.361306,0.003357,0.013429
finnaglo,7,0.713580,2.158457,0.374206,0.712561,5,0.001347,0.001286,0.136978,0.025214,0.001216,0.374206,0.001559,0.338355,0.014234,0.001293,0.080585,0.023728
lysikvinkova,3,0.712406,2.124653,0.413867,0.638719,11,0.003354,0.003203,0.102289,0.014316,0.003027,0.218502,0.003882,0.224852,0.003850,0.003220,0.005637,0.413867
johnbranchh,76,0.712256,2.148650,0.386206,0.699374,11,0.013866,0.007907,0.016776,0.189304,0.002400,0.313167,0.002880,0.042303,0.002416,0.004444,0.018330,0.386206
mrclydepratt,27,0.712106,2.161384,0.397208,0.738630,11,0.010794,0.005931,0.027106,0.093484,0.005393,0.341422,0.018847,0.092754,0.003342,0.002366,0.001354,0.397208
randolphburrr,16,0.711784,2.183702,0.469378,0.685279,5,0.007844,0.001488,0.003386,0.116489,0.016821,0.469378,0.024886,0.215901,0.011066,0.004285,0.002618,0.125837
acejinev,14,0.711611,2.177438,0.496569,0.717180,5,0.004560,0.001003,0.088175,0.034868,0.002317,0.496569,0.055347,0.220611,0.001205,0.001008,0.024072,0.070265
jenn_abrams,63,0.711187,2.105096,0.562934,0.707200,5,0.011158,0.015784,0.015518,0.125422,0.008782,0.562933,0.008241,0.077674,0.016334,0.007917,0.005972,0.144266
cannonsher,14,0.710370,2.163528,0.418468,0.756567,5,0.003660,0.001235,0.032130,0.041616,0.028208,0.418468,0.007243,0.338099,0.022752,0.006830,0.002173,0.097586
iiddaamarks,13,0.709836,2.175016,0.482577,0.733545,5,0.004972,0.042191,0.002753,0.048690,0.000806,0.482577,0.040893,0.250968,0.001825,0.031986,0.001501,0.090838
coldwar20_ru,4,0.709193,2.167239,0.404223,0.720293,2,0.004880,0.004661,0.404223,0.020823,0.316070,0.159259,0.005648,0.033249,0.005602,0.004684,0.008201,0.032700
cassishere,18,0.709022,2.073148,0.598204,0.704556,5,0.001739,0.014957,0.078514,0.012374,0.001119,0.598204,0.052513,0.076096,0.015896,0.001190,0.041047,0.106352
austinlovesbeer,6,0.708400,2.169892,0.393248,0.632686,3,0.001653,0.001579,0.051459,0.393248,0.001492,0.221347,0.010704,0.072817,0.001898,0.001587,0.002778,0.239438
elpasotopnews,3,0.706237,2.188889,0.422797,0.657766,5,0.004573,0.207225,0.007818,0.065029,0.004127,0.422797,0.005292,0.234968,0.005249,0.004389,0.007684,0.030847
imissobama,15,0.705771,2.206790,0.433464,0.711016,5,0.001962,0.000991,0.071458,0.048233,0.000937,0.433464,0.001201,0.277552,0.001191,0.011171,0.053651,0.098189
corynaenae,8,0.705445,2.226811,0.428863,0.714435,5,0.001722,0.109560,0.002944,0.067918,0.011492,0.428863,0.018657,0.285572,0.001977,0.056781,0.002894,0.011620
jeffreykahunas,62,0.705370,2.167008,0.544841,0.727810,5,0.002516,0.014836,0.071137,0.056657,0.002583,0.544841,0.030060,0.023697,0.003504,0.006588,0.060615,0.182968
happkendrahappy,20,0.704627,2.089375,0.581670,0.695425,5,0.001242,0.001536,0.052318,0.005302,0.001121,0.581670,0.047055,0.113755,0.001426,0.040159,0.077151,0.077263
iancalh0un,2,0.703315,2.204081,0.432999,0.702951,5,0.166296,0.006372,0.011406,0.028473,0.006022,0.432999,0.007722,0.045484,0.007658,0.006404,0.011212,0.269952
joachimbuchwitz,1,0.703134,2.216386,0.458049,0.641102,4,0.002102,0.002007,0.003593,0.008968,0.458049,0.045217,0.002433,0.120722,0.183052,0.156240,0.003532,0.014084
pamblmdaniels,15,0.702881,2.215610,0.496003,0.707919,5,0.000817,0.000781,0.053084,0.083229,0.009016,0.496003,0.004137,0.211916,0.000938,0.022297,0.041733,0.076049
blackeyeblog,4,0.699795,2.088848,0.347852,0.595898,5,0.001810,0.001729,0.003095,0.159325,0.001634,0.347852,0.002095,0.227554,0.002078,0.001738,0.003042,0.248046
beckster319,17,0.699723,2.182353,0.423285,0.617713,5,0.002234,0.002134,0.013027,0.153317,0.002016,0.423285,0.009880,0.180441,0.002564,0.012919,0.003754,0.194428
kimberleighlamb,1,0.698522,2.225744,0.426595,0.634427,11,0.207832,0.004394,0.007866,0.204451,0.004153,0.090303,0.005325,0.031652,0.005281,0.004416,0.007732,0.426595
brianthelifter,6,0.696974,2.245380,0.382834,0.717210,7,0.001388,0.001326,0.014888,0.030701,0.033938,0.334376,0.018773,0.382834,0.001593,0.060498,0.002333,0.117352
dorothiebell,54,0.696935,2.189193,0.550195,0.700488,5,0.001043,0.017918,0.089542,0.035678,0.001815,0.550195,0.020294,0.028520,0.001612,0.021701,0.081389,0.150294
denn_nikitin,4,0.696084,2.244563,0.407581,0.629612,10,0.212458,0.003489,0.006246,0.222031,0.003297,0.083298,0.004228,0.025045,0.004194,0.003507,0.407581,0.024627
6druz,4,0.696078,2.244604,0.407604,0.629590,10,0.212464,0.003489,0.006246,0.221986,0.003297,0.083293,0.004228,0.025067,0.004194,0.003507,0.407604,0.024626
kadirovrussia,4,0.695147,2.271950,0.460740,0.648329,4,0.003388,0.003236,0.153550,0.014458,0.460740,0.096469,0.003922,0.023068,0.003889,0.003252,0.046439,0.187589
lavrovmuesli,6,0.695119,2.211379,0.529863,0.678178,4,0.007100,0.006781,0.148316,0.030295,0.529863,0.146632,0.008217,0.048324,0.008150,0.006815,0.011931,0.047575
viborisova,4,0.694959,2.276004,0.428435,0.694146,7,0.002372,0.002266,0.042867,0.119901,0.052503,0.265711,0.002746,0.428435,0.002723,0.060526,0.003986,0.015965
robertebonyking,8,0.693228,2.279028,0.410683,0.639551,5,0.035294,0.002288,0.004096,0.075494,0.002162,0.410683,0.051305,0.228868,0.002750,0.002300,0.004026,0.180734
donnabrivera,20,0.691535,2.070931,0.618378,0.707002,5,0.001299,0.001240,0.075599,0.029483,0.001172,0.618378,0.036099,0.088625,0.018341,0.041926,0.051309,0.036530
garrettsimpson_,58,0.691001,2.216734,0.549298,0.716941,5,0.004727,0.012776,0.055471,0.043674,0.001762,0.549298,0.024486,0.026291,0.011588,0.017830,0.084454,0.167643
deusxyx,12,0.689829,2.091188,0.610071,0.706632,5,0.006092,0.001289,0.038262,0.030160,0.003989,0.610071,0.096561,0.067772,0.001549,0.047041,0.047080,0.050133
emileewaren,47,0.688395,2.275845,0.509651,0.676778,5,0.000549,0.015661,0.102586,0.032140,0.002089,0.509650,0.050633,0.027030,0.002701,0.008310,0.081522,0.167127
hollydler,23,0.688363,2.184646,0.556926,0.656768,5,0.000963,0.002037,0.082073,0.011853,0.003733,0.556926,0.038391,0.076219,0.001105,0.030103,0.096757,0.099842
damanimiles,7,0.687463,2.301314,0.421399,0.700611,5,0.001003,0.017590,0.072034,0.030271,0.000905,0.421399,0.001161,0.279212,0.004212,0.033084,0.105456,0.033672
notballinyet,5,0.686690,2.211613,0.315346,0.590510,7,0.004716,0.001552,0.032204,0.222426,0.001467,0.275164,0.001881,0.315346,0.001866,0.001560,0.002732,0.139085
tessyelmore,7,0.685827,2.225006,0.325967,0.633549,7,0.032061,0.002577,0.004614,0.247261,0.020653,0.307582,0.003123,0.325967,0.030834,0.002590,0.004535,0.018203
paolakinck,16,0.685506,2.156430,0.574124,0.668881,5,0.001176,0.032399,0.094757,0.021650,0.001062,0.574124,0.046725,0.069179,0.001445,0.001129,0.078255,0.078098
entatjanamax,14,0.684471,2.317344,0.369186,0.686532,7,0.006635,0.001265,0.002265,0.080985,0.007166,0.317346,0.026213,0.369186,0.059909,0.012189,0.002227,0.114614
stanley_cox_,12,0.684138,2.251145,0.517732,0.675701,5,0.001698,0.001622,0.079978,0.021979,0.001533,0.517732,0.157969,0.065055,0.001949,0.077029,0.062039,0.011417
sindyblossom,1,0.683758,2.278244,0.372199,0.613457,5,0.177166,0.003149,0.005638,0.014074,0.002976,0.372199,0.003817,0.022569,0.148446,0.003165,0.005542,0.241258
kelvin_chambers,9,0.683513,2.229565,0.549884,0.668654,5,0.003042,0.002905,0.026138,0.047416,0.002746,0.549884,0.045608,0.088823,0.003492,0.090729,0.118770,0.020447
nehemiahx,6,0.683325,2.340883,0.414106,0.647541,5,0.001271,0.145108,0.015480,0.090457,0.055959,0.414106,0.001471,0.233435,0.001459,0.020777,0.002136,0.018342
maxdementiev,4,0.682963,2.293604,0.498363,0.675213,4,0.007609,0.007266,0.176850,0.032465,0.498363,0.137055,0.008806,0.051784,0.008734,0.007303,0.012786,0.050980
jani_s_jac,17,0.682833,2.255267,0.509515,0.659174,5,0.001128,0.006394,0.071710,0.073322,0.001018,0.509515,0.001305,0.149658,0.001495,0.065583,0.022483,0.096388
mil0blake,76,0.682328,2.288110,0.517551,0.692246,5,0.005670,0.018050,0.070196,0.088610,0.002003,0.517551,0.019582,0.043388,0.007229,0.006815,0.046211,0.174695
chesplayschess,9,0.679325,2.256390,0.540193,0.671868,5,0.023315,0.001388,0.021348,0.046335,0.001639,0.540193,0.064243,0.083928,0.074749,0.001395,0.131675,0.009790
adrgreerr,6,0.678582,2.334062,0.390410,0.633456,5,0.001741,0.001663,0.002976,0.146521,0.001571,0.390410,0.085244,0.243046,0.001998,0.045174,0.002925,0.076731
lukas_rosler,4,0.678026,2.353019,0.447600,0.629429,4,0.108441,0.002138,0.003828,0.009554,0.447600,0.140187,0.002591,0.181829,0.051847,0.033200,0.003762,0.015023
blacneighbor,6,0.677787,2.349592,0.357071,0.650359,5,0.001572,0.001501,0.002687,0.069603,0.001419,0.357071,0.018929,0.162097,0.016594,0.015188,0.060052,0.293288
adamchapmanjr,5,0.677449,2.353576,0.399333,0.602539,5,0.014442,0.000912,0.001633,0.176468,0.008898,0.399333,0.001105,0.203206,0.001096,0.025531,0.110940,0.056435
kaydenmelton,6,0.676172,2.364485,0.364322,0.635804,5,0.048416,0.002817,0.090186,0.012589,0.002663,0.364322,0.011254,0.271482,0.003386,0.016500,0.004957,0.171427
hollandpatrickk,48,0.673154,2.388494,0.411636,0.640173,5,0.001530,0.012063,0.041370,0.151761,0.001095,0.411636,0.012228,0.045945,0.003839,0.009738,0.080258,0.228537
aldrich420,10,0.673074,2.318486,0.500469,0.637575,5,0.001787,0.005314,0.137106,0.069552,0.006843,0.500468,0.031125,0.076842,0.002052,0.001716,0.049650,0.117544
jamie_mccarthy_,23,0.672496,2.350858,0.352966,0.619673,5,0.001394,0.023564,0.069683,0.266707,0.001185,0.352966,0.000660,0.021401,0.026149,0.000548,0.030697,0.205046
ryanncooperwood,1,0.672277,2.182900,0.284662,0.541119,3,0.001956,0.001868,0.003344,0.284662,0.001766,0.256458,0.002264,0.013448,0.002245,0.001878,0.179193,0.250919
krasilnikovbor,3,0.671268,2.363745,0.365711,0.649160,7,0.002871,0.002742,0.114114,0.042765,0.111834,0.283449,0.003323,0.365711,0.003295,0.002756,0.004824,0.062316
wokefromday1,9,0.670864,2.355505,0.359962,0.583523,7,0.003469,0.002000,0.186892,0.059223,0.014163,0.223561,0.008421,0.359962,0.002403,0.002010,0.003518,0.134378
leroylovesusa,59,0.670724,2.362254,0.472242,0.659165,5,0.000895,0.011239,0.070877,0.102056,0.000925,0.472242,0.042057,0.033404,0.007084,0.003530,0.068768,0.186923
jacquelinisbest,48,0.666168,2.322342,0.525852,0.662496,5,0.000705,0.028614,0.098728,0.034614,0.002555,0.525852,0.035455,0.026007,0.008711,0.016444,0.085671,0.136644
russianallies,1,0.664212,2.344078,0.497442,0.701347,4,0.011320,0.010811,0.019352,0.048300,0.497442,0.203905,0.013101,0.077042,0.012993,0.010866,0.019022,0.075847
antonhayhay,13,0.663340,2.386686,0.428947,0.647520,5,0.006560,0.067700,0.001838,0.096300,0.000970,0.428947,0.020868,0.218573,0.001973,0.074705,0.001806,0.079760
nataturn,7,0.661641,2.396988,0.335431,0.599799,5,0.000861,0.011269,0.169508,0.095131,0.000777,0.335431,0.000997,0.064900,0.000988,0.000827,0.054944,0.264368
margoberoeva,2,0.661138,2.392125,0.334378,0.640910,4,0.004219,0.004029,0.007213,0.018002,0.334378,0.081536,0.004883,0.306532,0.004843,0.004050,0.119455,0.110860
margosavazh,4,0.660961,2.419148,0.410642,0.675260,4,0.006461,0.006170,0.264618,0.027567,0.410642,0.116379,0.007477,0.043972,0.007416,0.006202,0.059808,0.043289
fightm_d_b,6,0.660154,2.406157,0.327358,0.634122,5,0.001161,0.131373,0.001985,0.068034,0.001048,0.327358,0.037548,0.306764,0.001333,0.001115,0.093893,0.028388
michellearry,83,0.659082,2.370943,0.489833,0.692371,5,0.002560,0.023869,0.068808,0.059512,0.001768,0.489833,0.024962,0.048681,0.007810,0.018146,0.051513,0.202537
orrclay,2,0.659017,2.223497,0.261537,0.520274,3,0.002269,0.002167,0.003879,0.261537,0.002048,0.258737,0.253066,0.015475,0.002604,0.002178,0.003813,0.192228
logan_whatsup,33,0.658275,2.428586,0.376830,0.599433,5,0.001976,0.014995,0.030389,0.222603,0.002457,0.376830,0.002038,0.057219,0.012523,0.018025,0.052365,0.208581
micparrish,44,0.653729,2.418247,0.346274,0.603375,5,0.006053,0.017548,0.046773,0.257101,0.003103,0.346273,0.005968,0.033196,0.007929,0.016233,0.032381,0.227441
roscoe_riddle,1,0.651930,2.403761,0.310537,0.575661,7,0.005744,0.005485,0.009819,0.265124,0.005184,0.144337,0.006647,0.310537,0.006593,0.005513,0.196178,0.038838
gallowayeliana,8,0.651223,2.449761,0.316052,0.627128,5,0.016131,0.001824,0.122194,0.008150,0.063286,0.316052,0.111920,0.311075,0.002192,0.001833,0.003209,0.042133
queennarielle,8,0.648767,2.452271,0.327818,0.631359,5,0.053821,0.001728,0.003092,0.132974,0.001633,0.327818,0.002094,0.303540,0.002076,0.038956,0.049884,0.082384
sincerepruitt,8,0.646095,2.453727,0.305246,0.559041,5,0.001596,0.001525,0.036190,0.183235,0.012302,0.305246,0.043629,0.253795,0.001832,0.007325,0.002682,0.150642
_billy_moyer_,43,0.643692,2.505120,0.408766,0.609458,5,0.002876,0.024103,0.015268,0.200692,0.014952,0.408766,0.009793,0.026756,0.004613,0.050642,0.080716,0.160822
cliftonhughes_,6,0.643344,2.428438,0.475001,0.640335,5,0.001860,0.001776,0.003180,0.035942,0.042323,0.475001,0.051033,0.165334,0.002135,0.081591,0.053349,0.086478
_nickluna_,68,0.638303,2.476706,0.442334,0.677887,5,0.011197,0.015562,0.038345,0.054598,0.002071,0.442334,0.028139,0.064588,0.007583,0.027595,0.072435,0.235553
aantiracist,9,0.637947,2.353649,0.257793,0.495902,5,0.009066,0.001236,0.070957,0.212568,0.001168,0.257793,0.001498,0.238109,0.001486,0.001242,0.002175,0.202702
meggieoneil,4,0.637215,2.538425,0.377952,0.616733,3,0.028361,0.119497,0.005208,0.377952,0.002749,0.064303,0.041368,0.238780,0.003497,0.018071,0.005119,0.095096
marissaimstrong,13,0.632107,2.460798,0.482074,0.612891,5,0.017327,0.002296,0.090897,0.029974,0.002170,0.482074,0.130817,0.078547,0.002759,0.017085,0.066462,0.079592
lazykstafford,85,0.628685,2.548817,0.410256,0.599150,5,0.008925,0.023206,0.069455,0.166806,0.001860,0.410256,0.023325,0.034228,0.013896,0.013203,0.045947,0.188894
wonderhann,4,0.628103,2.468149,0.325755,0.544217,11,0.001048,0.001001,0.072005,0.113874,0.000946,0.116859,0.001213,0.146626,0.001203,0.001006,0.218462,0.325755
bigseanbeast,9,0.626307,2.537275,0.322368,0.547064,11,0.059059,0.002283,0.040716,0.072411,0.002158,0.224696,0.054391,0.211918,0.002744,0.002295,0.004962,0.322368
laurabaeley,63,0.625263,2.519777,0.415585,0.670727,5,0.004149,0.028502,0.057811,0.054203,0.002602,0.415585,0.029379,0.051766,0.011332,0.019544,0.069986,0.255142
politopros,1,0.625227,2.548487,0.289886,0.571989,2,0.003297,0.003149,0.289886,0.014069,0.144891,0.064755,0.282103,0.022623,0.144427,0.003165,0.005541,0.022093
priceforpierce,63,0.623126,2.557988,0.436427,0.616977,5,0.008242,0.020538,0.071315,0.107412,0.001395,0.436427,0.031205,0.054758,0.012872,0.009051,0.066235,0.180550
cassieweltch,75,0.622456,2.535459,0.441439,0.640214,3,0.035308,0.043882,0.020085,0.441439,0.010676,0.131409,0.009435,0.020777,0.044481,0.030700,0.013034,0.198776
abigailssilk,6,0.622414,2.525985,0.402916,0.551166,7,0.001991,0.001901,0.060261,0.148250,0.001797,0.145889,0.096346,0.402916,0.049129,0.001911,0.003345,0.086265
heyits_toby,70,0.621446,2.579173,0.385199,0.628888,5,0.007516,0.020449,0.069070,0.119988,0.000714,0.385199,0.024845,0.028222,0.012159,0.028560,0.059588,0.243689
jeannemccarthy0,77,0.620747,2.588965,0.366340,0.620530,5,0.003754,0.024386,0.093783,0.102423,0.001340,0.366340,0.020813,0.055094,0.007626,0.016858,0.053390,0.254190
puredavie,60,0.619668,2.528688,0.461693,0.637579,3,0.058749,0.029513,0.016799,0.461693,0.006597,0.122052,0.025606,0.027949,0.031540,0.034907,0.008711,0.175886
ryanmaxwell_1,76,0.618197,2.561226,0.445623,0.615521,5,0.003738,0.022529,0.071987,0.100476,0.004916,0.445623,0.025336,0.057805,0.007329,0.021892,0.068470,0.169898
judelambertusa,68,0.617740,2.592062,0.394470,0.593226,5,0.004461,0.025055,0.063660,0.152878,0.001301,0.394470,0.025393,0.041662,0.005434,0.028014,0.058917,0.198755
evewebster373,41,0.615562,2.605988,0.321252,0.546924,11,0.008691,0.026203,0.049221,0.225672,0.011683,0.207214,0.002991,0.085083,0.000746,0.020579,0.040665,0.321252
evagreen69,86,0.615518,2.603773,0.406374,0.597884,5,0.003918,0.030406,0.093555,0.127023,0.003139,0.406374,0.033574,0.033549,0.009804,0.017032,0.050116,0.191510
erdollum666,4,0.614016,2.590806,0.340651,0.633224,4,0.065508,0.003911,0.007001,0.091905,0.340651,0.073887,0.004739,0.027871,0.292572,0.057627,0.006881,0.027444
susayung,8,0.612635,2.577316,0.299937,0.504771,5,0.001885,0.001800,0.109008,0.197170,0.026474,0.299937,0.017851,0.120534,0.002163,0.001809,0.016535,0.204835
erdollum,11,0.612171,2.607271,0.384585,0.550618,4,0.095489,0.001663,0.002977,0.037700,0.384585,0.133207,0.033035,0.166033,0.114110,0.011256,0.002927,0.017018
glennharper_,3,0.610112,2.482831,0.246310,0.472432,3,0.002176,0.002079,0.003721,0.246310,0.001964,0.200650,0.002519,0.014845,0.119755,0.226122,0.003657,0.176201
mr_clampin,43,0.609521,2.610472,0.398057,0.625838,3,0.043491,0.051691,0.017447,0.398057,0.011836,0.120551,0.003400,0.013624,0.053485,0.039095,0.019541,0.227781
patriotraphael,73,0.609326,2.612248,0.425493,0.582466,5,0.004349,0.015002,0.078849,0.131410,0.005871,0.425493,0.040479,0.036770,0.012515,0.018776,0.073513,0.156973
chrisuport_port,9,0.607039,2.609255,0.312921,0.617371,4,0.064479,0.002761,0.074446,0.012335,0.312921,0.086021,0.003346,0.304450,0.089210,0.025791,0.004858,0.019383
charlesrespeck,5,0.603637,2.598534,0.294871,0.509717,7,0.002688,0.002567,0.074946,0.011470,0.002426,0.214846,0.171281,0.294871,0.003085,0.002580,0.100824,0.118416
c__wells,37,0.597459,2.647739,0.375892,0.575891,5,0.002904,0.020334,0.035250,0.179787,0.013867,0.375892,0.055681,0.037163,0.022154,0.015015,0.041954,0.199999
donnielmiller,4,0.594366,2.624691,0.257441,0.473605,3,0.014072,0.206674,0.096473,0.257441,0.002928,0.155008,0.003754,0.216163,0.003724,0.016479,0.005451,0.021832
westernwindwes,60,0.592116,2.655923,0.390113,0.542611,5,0.001383,0.018882,0.120380,0.096986,0.004905,0.390113,0.052825,0.062210,0.001583,0.008696,0.089539,0.152498
jarrardnorman,16,0.589643,2.685521,0.363909,0.542347,5,0.072500,0.036404,0.002723,0.178437,0.019971,0.363909,0.057678,0.166493,0.001828,0.035245,0.002676,0.062134
catelinewatkins,7,0.586065,2.651541,0.241440,0.464382,6,0.169549,0.001612,0.002886,0.051698,0.014093,0.217792,0.241440,0.222941,0.011130,0.029772,0.002837,0.034250
hipppo_,16,0.577940,2.738177,0.314692,0.496088,5,0.045179,0.026729,0.006644,0.032365,0.001690,0.314692,0.177835,0.181396,0.010232,0.103959,0.003146,0.096133
jasper_fly,34,0.575760,2.699546,0.410981,0.574697,3,0.054605,0.060087,0.015325,0.410981,0.018971,0.110364,0.017554,0.015138,0.064943,0.067606,0.000710,0.163716
heyheyhailey,14,0.574069,2.740787,0.275680,0.499362,5,0.140356,0.032470,0.008083,0.064837,0.001678,0.275680,0.027171,0.223682,0.002134,0.156676,0.003124,0.064109
jsncarey,3,0.572794,2.704387,0.288707,0.461357,6,0.002863,0.002734,0.123163,0.012219,0.002584,0.063715,0.288707,0.019535,0.142565,0.164455,0.004811,0.172649
kencannone,13,0.567148,2.765368,0.261491,0.474921,5,0.079745,0.019912,0.004028,0.213429,0.002126,0.261491,0.048780,0.206932,0.036780,0.106979,0.003959,0.015840
lynsrodriguez,5,0.559862,2.783255,0.315127,0.529163,5,0.060476,0.002347,0.094225,0.214036,0.056281,0.315127,0.013718,0.133103,0.002820,0.002358,0.043762,0.061747
giselleevns,33,0.559582,2.739110,0.405646,0.540533,3,0.068334,0.048567,0.004610,0.405646,0.007002,0.134887,0.037076,0.109265,0.046920,0.039172,0.001989,0.096533
adrienne_gg,17,0.557678,2.780466,0.294062,0.472345,5,0.008514,0.092528,0.003653,0.178283,0.001929,0.294062,0.017852,0.151673,0.032887,0.088354,0.003591,0.126674
lelandgraves_,3,0.556225,2.733311,0.253547,0.501581,9,0.001428,0.001364,0.102853,0.127251,0.001289,0.103976,0.001653,0.009787,0.070276,0.253547,0.078542,0.248034
cascaseyp,16,0.549225,2.820763,0.252390,0.494807,5,0.060192,0.018164,0.007202,0.120196,0.002023,0.252390,0.100795,0.242417,0.013712,0.044414,0.003766,0.134731
dannythehappies,17,0.549105,2.821141,0.295812,0.480274,3,0.070234,0.083688,0.004301,0.295812,0.011987,0.179705,0.057975,0.184462,0.006434,0.021135,0.004227,0.080040
dickyirwin,14,0.546272,2.796628,0.258791,0.442219,5,0.048103,0.003499,0.002657,0.164304,0.001403,0.258791,0.153707,0.183428,0.001784,0.084750,0.024274,0.073300
danageezus,38,0.542594,2.802024,0.380566,0.508173,3,0.086070,0.051214,0.007247,0.380566,0.020313,0.127608,0.004692,0.107096,0.066932,0.040418,0.004414,0.103431
queenofthewo,46,0.541879,2.811240,0.394227,0.541918,3,0.039721,0.073776,0.016550,0.394227,0.033283,0.118261,0.003240,0.065217,0.058004,0.030417,0.019612,0.147691
notritahart,46,0.541117,2.841081,0.367664,0.534031,3,0.043183,0.076631,0.016324,0.367664,0.016113,0.128080,0.012905,0.075586,0.053497,0.027253,0.016397,0.166368
toneporter,17,0.538614,2.836295,0.263815,0.478771,5,0.071209,0.037770,0.003565,0.192003,0.017851,0.263815,0.060372,0.214956,0.002393,0.069964,0.003504,0.062597
traceyhappymom,30,0.532966,2.787603,0.405025,0.521431,3,0.083063,0.086659,0.017653,0.405025,0.009459,0.075035,0.008499,0.042541,0.086587,0.064727,0.004344,0.116407
calebpaar,17,0.527780,2.850631,0.225929,0.431656,5,0.047600,0.026175,0.004053,0.180595,0.002140,0.225929,0.111264,0.205727,0.003283,0.107112,0.003984,0.082139
aiden7757,15,0.518658,2.920083,0.258154,0.456811,5,0.141820,0.048775,0.004160,0.198657,0.020732,0.258154,0.050383,0.157100,0.016134,0.064148,0.004089,0.035848
holycrapchrix,14,0.516854,2.930933,0.278925,0.503883,7,0.080880,0.009896,0.034421,0.089998,0.025282,0.224959,0.121752,0.278925,0.006982,0.067728,0.008532,0.050645
ilikebigbuttand,21,0.516297,2.918383,0.274848,0.487667,3,0.055328,0.029497,0.018485,0.274848,0.011032,0.190692,0.029386,0.212819,0.058962,0.037930,0.013658,0.067364
amandavgreen,16,0.515703,2.910937,0.223418,0.420573,5,0.071461,0.006641,0.011944,0.186571,0.001951,0.223418,0.045939,0.197154,0.013936,0.125461,0.019072,0.096452
melvinsroberts,35,0.513849,2.866536,0.392118,0.519030,3,0.048650,0.052340,0.015897,0.392118,0.020446,0.106696,0.032664,0.082498,0.060577,0.057552,0.003651,0.126912
ericarutter,5,0.511796,2.932598,0.249489,0.481557,5,0.093257,0.133625,0.007222,0.232068,0.084445,0.249489,0.085417,0.028833,0.046052,0.004055,0.007099,0.028439
curtisbigman,19,0.510304,2.918020,0.269873,0.492169,5,0.060579,0.062068,0.002957,0.144258,0.006714,0.269873,0.036743,0.222297,0.077436,0.049549,0.002907,0.064618
kathiemrr,46,0.509247,2.918547,0.333184,0.537635,3,0.058965,0.060342,0.014159,0.333184,0.013610,0.111933,0.023103,0.058883,0.057445,0.045609,0.018316,0.204451
worldofhashtags,29,0.506923,2.906354,0.206151,0.407839,7,0.059496,0.031222,0.001726,0.183360,0.001792,0.150110,0.053856,0.206151,0.201688,0.028223,0.001696,0.080681
chrixmorgan,30,0.500426,2.966374,0.298469,0.486129,3,0.067494,0.064718,0.001818,0.298469,0.017777,0.187660,0.022492,0.119523,0.041252,0.061964,0.015172,0.101661
claudia42kern,16,0.498106,2.946409,0.262312,0.426028,5,0.115254,0.069876,0.003845,0.094659,0.004161,0.262312,0.024829,0.163716,0.021309,0.146349,0.003779,0.089912
daileyjadon,36,0.498004,2.920443,0.373672,0.513839,3,0.056114,0.052892,0.010327,0.373672,0.016816,0.099840,0.033457,0.055944,0.073358,0.073502,0.013912,0.140167
charlesjharper,17,0.493971,2.978522,0.236527,0.438363,5,0.074231,0.015090,0.003669,0.091853,0.016473,0.236527,0.096951,0.201836,0.008974,0.070606,0.023202,0.160588
novostidamask,6,0.493591,2.971716,0.257317,0.487286,5,0.014285,0.013642,0.079032,0.060951,0.229970,0.257317,0.016532,0.097222,0.016397,0.013712,0.105228,0.095713
bruciedublin,16,0.488107,2.999575,0.253832,0.444834,5,0.099499,0.006480,0.019425,0.143321,0.034396,0.253832,0.071654,0.191002,0.001783,0.089737,0.022379,0.066491
jmscoxxx,14,0.468797,3.052073,0.254933,0.436860,7,0.092719,0.030001,0.002608,0.161762,0.014504,0.181927,0.052678,0.254933,0.029079,0.058818,0.044706,0.076264
brightandglory,17,0.453533,3.033250,0.191289,0.357487,7,0.073015,0.056006,0.003157,0.166198,0.001667,0.157878,0.155169,0.191290,0.005210,0.051480,0.029339,0.109594
dominicvalent,20,0.425682,3.142216,0.278562,0.442502,3,0.059779,0.053689,0.021744,0.278562,0.019247,0.163940,0.039324,0.126082,0.067865,0.064030,0.023789,0.081948
bgarner2107,19,0.425136,3.156631,0.219237,0.430830,5,0.067784,0.106808,0.022962,0.127543,0.037374,0.219237,0.042340,0.211593,0.013309,0.075238,0.031983,0.043829
loragreeen,22,0.403654,3.203258,0.213335,0.393044,7,0.066902,0.103521,0.041077,0.147427,0.025967,0.179710,0.028399,0.213335,0.044194,0.073814,0.011204,0.064450
gab1aldana,17,0.387221,3.235233,0.195315,0.374203,5,0.090890,0.011696,0.037595,0.081129,0.028244,0.195315,0.033548,0.178888,0.054290,0.136214,0.040015,0.112178
hellieedwards,14,0.347996,3.242905,0.257529,0.375366,7,0.065878,0.062066,0.065466,0.107122,0.027931,0.117838,0.069239,0.257529,0.078128,0.054087,0.002617,0.092099
